date,USDEUR,CHFGBP,RUBUSD,PLNUSD,investor_id,USDGBP
25/08/2008,,,24.47,,2,1.8493
25/09/2008,,,25.02,,2,1.8401
25/10/2008,,,27.19,,2,1.5923
25/11/2008,,,27.27,,2,1.542
25/12/2008,,,27.83,,2,1.475
31/12/2008,,,30.53,,2,1.4647
25/01/2009,,,32.78,,2,1.3971
25/02/2009,,,35.69,,2,1.421
25/03/2009,,,33.53,,2,1.4553
31/03/2009,,,33.28,,2,1.4632
25/04/2009,,,33.04,,2,1.4711
25/05/2009,,,30.9,,2,1.5906
08/06/2009,,,31.41,,2,1.6037
25/06/2009,,,31.21,,2,1.6368
30/06/2009,,,31.09,,2,1.6404
25/07/2009,,,30.98,,2,1.644
25/08/2009,,,32.4,,2,1.6312
25/09/2009,,,30.12,,2,1.5972
30/09/2009,,,29.52,,2,1.612
25/10/2009,,,28.92,,2,1.6268
25/11/2009,,,28.77,,2,1.6703
25/12/2009,,,29.56,,2,1.6014
31/12/2009,,,30,,2,1.6171
25/01/2010,,,30.1,,2,1.6245
09/02/2010,,,30.33,,2,1.569
15/02/2010,,,30.22,,2,1.5665
25/02/2010,,,30,,2,1.5239
03/03/2010,,,29.76,,2,1.5098
10/03/2010,,,29.59,,2,1.4966
25/03/2010,,,29.52,,2,1.4845
31/03/2010,,,29.27,,2,1.5108
12/04/2010,,,29.01,,2,1.5371
25/04/2010,,,29.04,,2,1.5465
10/05/2010,,,30.43,,2,1.4857
25/05/2010,,,31.43,,2,1.4408
04/06/2010,,,31.51,,2,1.4445
10/06/2010,,,31.56,,2,1.4706
21/06/2010,,,30.82,,2,1.4755
25/06/2010,,,30.98,,2,1.5064
30/06/2010,,,30.92,,2,1.5052
09/07/2010,,,30.87,,2,1.504
25/07/2010,,,30.27,,2,1.5487
10/08/2010,,,30.01,,2,1.5855
25/08/2010,,,30.95,,2,1.5469
03/09/2010,,1.5723,30.6,3.0483,2,1.546
04/09/2010,,1.5723,30.6,3.0483,2,1.546
10/09/2010,,,30.86,,2,1.5353
25/09/2010,,,30.51,,2,1.5807
30/09/2010,,,30.17,,2,1.588
08/10/2010,,,29.82,,2,1.5953
25/10/2010,,,30.27,,2,1.5707
10/11/2010,,,30.71,,2,1.6118
25/11/2010,,,31.14,,2,1.5756
10/12/2010,,,30.93,,2,1.5771
25/12/2010,,,30.35,,2,1.5438
31/12/2010,,1.4575,30.557,,2,1.5606
10/01/2011,,,30.43,,2,1.5586
25/01/2011,,,29.7,,2,1.5814
10/02/2011,,,29.31,,2,1.6093
25/02/2011,,,28.93,,2,1.6114
09/03/2011,,,28.36,,2,1.6197
24/03/2011,,,28.32,,2,1.6118
25/03/2011,,,28.29,,2,1.6041
31/03/2011,,,28.15,,2,1.6211
08/04/2011,,,28.02,,2,1.6381
25/04/2011,,,27.84,,2,1.65
10/05/2011,,,27.74,,2,1.6367
11/05/2011,,,27.69,,2,1.6364
16/05/2011,,,28.12,,2,1.6207
25/05/2011,,,28.35,,2,1.6276
10/06/2011,,,27.83,,2,1.6223
16/06/2011,,,28.17,,2,1.6157
25/06/2011,,,27.55,,2,1.5958
30/06/2011,,,27.76,,2,1.6008
08/07/2011,,,27.97,,2,1.6057
25/07/2011,,,27.68,,2,1.6277
10/08/2011,,,29.68,,2,1.6116
25/08/2011,,,28.89,,2,1.6279
09/09/2011,,,29.99,,2,1.5878
25/09/2011,,,31.94,,2,1.5492
30/09/2011,,,31.74,,2,1.5574
10/10/2011,,,31.55,,2,1.5655
25/10/2011,,,30.47,,2,1.5995
10/11/2011,,,30.53,,2,1.5935
25/11/2011,,,31.48,,2,1.5437
09/12/2011,,,31.42,,2,1.5667
25/12/2011,,,30.93,,2,1.5593
31/12/2011,,1.4559,31.9987,,2,1.5521
10/01/2012,,,31.55,,2,1.5479
25/01/2012,,,30.45,,2,1.5657
25/02/2012,,,29.17,,2,1.5872
25/03/2012,,,29.27,,2,1.5874
31/03/2012,,,29.29,,2,1.6018
25/04/2012,,,29.31,,2,1.6162
10/05/2012,,1.499167129,30.14,3.271,2,1.6133
25/05/2012,,,32,,2,1.5664
25/06/2012,,,33.18,,2,1.5567
30/06/2012,,,32.95,,2,1.5497
12/07/2012,,,32.72,,2,1.5427
20/07/2012,,,32.01,,2,1.5619
25/07/2012,,,32.66,,2,1.549
01/08/2012,,,32.4122,,2,1.5543
25/08/2012,,,31.8,,2,1.5804
25/09/2012,,,31.17,,2,1.619
30/09/2012,,,31.24,,2,1.6155
25/10/2012,,,31.31,,2,1.6119
25/11/2012,,,31.01,,2,1.6024
25/12/2012,,,30.7,,2,1.6136
31/12/2012,,1.4849,30.5,,2,1.6236
25/01/2013,,,30.02,,2,1.5802
25/02/2013,,,30.55,,2,1.516
01/03/2013,,1.427898277,30.69,3.1716,2,1.5037
23/03/2013,,,30.84,,2,1.5228
25/03/2013,,,30.87,,2,1.5176
31/03/2013,,,31,,2,1.5306
25/04/2013,,,31.13,,2,1.5435
10/05/2013,,1.459434256,31.35,,2,1.5125
25/05/2013,,,31.35,,2,1.5125
25/06/2013,,,32.71,,2,1.5413
30/06/2013,,,32.65,,2,1.5403
25/07/2013,,,32.59,,2,1.5392
25/08/2013,,,33.01,,2,1.5572
25/09/2013,,,32.08,,2,1.6075
30/09/2013,,,31.92,,2,1.6119
25/10/2013,,,31.75,,2,1.6163
25/11/2013,,,32.9,,2,1.616
25/12/2013,,,32.62,,2,1.635
31/12/2013,,1.474935983,32.71,,2,1.6557
25/01/2014,,,28.98,,2,1.6482
25/02/2014,,,35.7,,2,1.6673
24/03/2014,,,36.09,,2,1.6496
25/03/2014,,,35.51,,2,1.653
31/03/2014,,,35.75,,2,1.6667
25/04/2014,,,35.99,,2,1.6804
15/05/2014,,1.504518362,34.12,,2,1.6834
25/05/2014,,,34.12,,2,1.6834
25/06/2014,,,33.76,,2,1.6985
30/06/2014,,,34.43,,2,1.6979
25/07/2014,,,35.1,,2,1.6973
25/08/2014,,,36.04,,2,1.6567
25/09/2014,,,38.46,,2,1.6323
30/09/2014,,,39.66,,2,1.6216
21/10/2014,,,40.86,,2,1.6109
22/10/2014,,,41.33,,2,1.6044
25/10/2014,,,41.91,,2,1.6089
03/11/2014,,,43.36,,2,1.5976
12/11/2014,,,45.92,,2,1.5767
25/11/2014,,,46.26,,2,1.5713
02/12/2014,,,53.86,,2,1.5645
25/12/2014,,,51.18,,2,1.5558
31/12/2014,,1.547999457,60.7,,2,1.5575
02/01/2015,,,58.75,,2,1.5325
25/01/2015,,,64.01,,2,1.4989
26/01/2015,,,67.81,,2,1.5084
03/02/2015,,,65.09,,2,1.514
25/02/2015,,,61.47,,2,1.5526
27/02/2015,,1.468785,61.47,,2,1.5526
03/03/2015,,,61.85,,2,1.5365
14/03/2015,,,62.27,,2,1.474
25/03/2015,,,57.4,,2,1.4875
30/03/2015,,,57.53,,2,1.4808
31/03/2015,,1.4416,58.15,,2,1.4828
01/04/2015,,,57.55,,2,1.4835
02/04/2015,,,56.55,,2,1.4828
22/04/2015,,,51.8,,2,1.5036
25/04/2015,,,50.86,,2,1.5186
01/05/2015,,,51.37,,2,1.5351
13/05/2015,,1.464258982,49.95,,2,1.547
25/05/2015,,,49.95,,2,1.547
02/06/2015,,,52.71,,2,1.5337
25/06/2015,,,54.68,,2,1.5744
30/06/2015,,1.466,55.21,,2,1.5684
01/07/2015,,,55.8,,2,1.5603
17/07/2015,,,56.94,,2,1.5609
25/07/2015,,,58.35,,2,1.5512
30/07/2015,,,59.68,,2,1.5602
03/08/2015,,,63.5,,2,1.5587
06/08/2015,,,64.48,,2,1.5512
25/08/2015,,,69.31,,2,1.5693
03/09/2015,,,67.14,,2,1.5258
17/09/2015,,,65.4,,2,1.5565
22/09/2015,,1.503651038,65.45,,2,1.5179
25/09/2015,,,65.45,,2,1.5179
29/09/2015,,,65.71,,2,1.5154
30/09/2015,,1.4727,65.39,,2,1.5119
01/10/2015,,,65.63,,2,1.5137
07/10/2015,,,62.25,,2,1.5313
25/10/2015,,,62.32,,2,1.5313
03/11/2015,,,62.63,,2,1.5418
25/11/2015,,,65.56,,2,1.5122
01/12/2015,,,66.64,,2,1.5074
17/12/2015,,,70.92,,2,1.4926
25/12/2015,,,70.22,,2,1.4915
31/12/2015,,1.477105437,73.4,,2,1.4736
01/01/2016,,,73.15,,2,1.4743
05/01/2016,,,74.46,,2,1.467
22/01/2016,,,78.37,,2,1.4264
25/01/2016,,,79.84,,2,1.424
01/02/2016,,,77.26,,2,1.4422
03/02/2016,,,76.93,,2,1.4585
25/02/2016,,,75.18,,2,1.3963
26/02/2016,,,76.34,,2,1.3869
29/02/2016,,1.3894,74.41,,2,1.3926
01/03/2016,,,73.28,,2,1.3959
03/03/2016,,1.396961354,73.28,,2,1.3959
17/03/2016,,,68.12,,2,1.4473
25/03/2016,,,68.24,,2,1.4153
31/03/2016,,1.3805,67,,2,1.4365
01/04/2016,,,67.5,,2,1.4225
05/04/2016,,,68.75,,2,1.4155
20/04/2016,,,65.68,,2,1.4336
21/04/2016,,,66.66,,2,1.4321
25/04/2016,,,66.56,,2,1.4486
01/05/2016,,,64.68,,2,1.4614
03/05/2016,,,66.35,,2,1.4547
17/05/2016,,1.408342597,65.43,,2,1.4694
23/05/2016,,,66.79,,2,1.4478
25/05/2016,,,65.43,,2,1.4694
01/06/2016,,,66.91,,2,1.4417
25/06/2016,,,63.77,,2,1.4551
27/06/2016,,,65.4,,2,1.323
28/06/2016,,,64.04,,2,1.335
30/06/2016,,1.3007,63.96,,2,1.332
18/07/2016,,,62.81,,2,1.327
19/07/2016,,,63.63,,2,1.311
20/07/2016,,,63.8,,2,1.326
21/07/2016,,,64.37,,2,1.324
22/07/2016,,,64.82,,2,1.311
23/07/2016,,,64.82,,2,1.312
24/07/2016,,,64.82,,2,1.313
25/07/2016,,,65.44,,2,1.31
26/07/2016,,,65.8,,2,1.315
27/07/2016,,,65.8,,2,1.323
28/07/2016,,,66.58,,2,1.316
29/07/2016,,,65.99,,2,1.323
30/07/2016,,,65.96,,2,1.323
31/07/2016,,,65.96,,2,1.321
01/08/2016,,,66.93,,2,1.318
02/08/2016,,,66.71,,2,1.334
03/08/2016,,,66.2,,2,1.334
04/08/2016,,,65.71,,2,1.313
05/08/2016,,,65.55,,2,1.307
06/08/2016,,,65.55,,2,1.307
07/08/2016,,,65.55,,2,1.308
08/08/2016,,,64.6,,2,1.303
09/08/2016,,,64.76,,2,1.3
10/08/2016,,,64.9,,2,1.302
11/08/2016,,,64.35,,2,1.295
12/08/2016,,,64.83,,2,1.292
13/08/2016,,,64.83,,2,1.292
14/08/2016,,,64.36,,2,1.291
15/08/2016,,,64.01,,2,1.288
16/08/2016,,,63.84,,2,1.303
17/08/2016,,,63.84,,2,1.304
18/08/2016,,,63.64,,2,1.316
19/08/2016,,,63.78,,2,1.307
20/08/2016,,,63.78,,2,1.308
21/08/2016,,,63.75,,2,1.305
22/08/2016,,,64.77,,2,1.313
23/08/2016,,,64.59,,2,1.319
24/08/2016,,,65.09,,2,1.324
25/08/2016,,,64.81,,2,1.319
26/08/2016,,,64.64,,2,1.314
27/08/2016,,,64.73,,2,1.314
28/08/2016,,,64.71,,2,1.313
29/08/2016,,,64.62,,2,1.311
30/08/2016,,,65.31,,2,1.309
31/08/2016,,,65.28,,2,1.313
01/09/2016,,,65.85,,2,1.327
02/09/2016,,,65.26,,2,1.329
03/09/2016,,,65.11,,2,1.329
04/09/2016,,,65.2,,2,1.329
05/09/2016,,,64.83,,2,1.331
06/09/2016,,,64.43,,2,1.342
07/09/2016,,,64.19,,2,1.334
08/09/2016,,,63.99,,2,1.331
09/09/2016,,,64.73,,2,1.326
10/09/2016,,,64.75,,2,1.327
11/09/2016,,,64.55,,2,1.327
12/09/2016,,,64.69,,2,1.334
13/09/2016,,,65.37,,2,1.319
14/09/2016,,,65.14,,2,1.326
15/09/2016,,,64.48,,2,1.324
16/09/2016,,,65.41,,2,1.3
17/09/2016,,,65.19,,2,1.3
18/09/2016,,,65.04,,2,1.301
19/09/2016,,,64.59,,2,1.304
20/09/2016,,,64.72,,2,1.298
21/09/2016,,,63.89,,2,1.303
22/09/2016,,,63.64,,2,1.308
23/09/2016,,,64.04,,2,1.297
24/09/2016,,,64.43,,2,1.297
25/09/2016,,,64.03,,2,1.298
26/09/2016,,,63.85,,2,1.297
27/09/2016,,,63.89,,2,1.301
28/09/2016,,,63.07,,2,1.304
29/09/2016,,,63.08,,2,1.296
30/09/2016,,1.2601,62.84,,2,1.298
01/10/2016,,,62.9,,2,1.296
02/10/2016,,,62.87,,2,1.293
03/10/2016,,,62.29,,2,1.285
04/10/2016,,,62.69,,2,1.273
05/10/2016,,,62.27,,2,1.275
06/10/2016,,,62.1,,2,1.239
07/10/2016,,,62.21,,2,1.243
08/10/2016,,,62.21,,2,1.244
09/10/2016,,,62.08,,2,1.243
10/10/2016,,,62.02,,2,1.234
11/10/2016,,,62.66,,2,1.227
12/10/2016,,,63.5,,2,1.219
13/10/2016,,,63.01,,2,1.222
14/10/2016,,,62.78,,2,1.218
15/10/2016,,,62.78,,2,1.219
16/10/2016,,,62.78,,2,1.218
17/10/2016,,,63.07,,2,1.222
18/10/2016,,,62.73,,2,1.23
19/10/2016,,,62.26,,2,1.229
20/10/2016,,,62.38,,2,1.226
21/10/2016,,,62.32,,2,1.224
22/10/2016,,,62.29,,2,1.225
23/10/2016,,,62.29,,2,1.221
24/10/2016,,,62.19,,2,1.222
25/10/2016,,,62.41,,2,1.218
26/10/2016,,,62.77,,2,1.223
27/10/2016,,,62.68,,2,1.217
28/10/2016,,,62.98,,2,1.219
29/10/2016,,,62.98,,2,1.219
30/10/2016,,,63.04,,2,1.221
31/10/2016,,,63.27,,2,1.223
01/11/2016,,,63.32,,2,1.224
02/11/2016,,,63.54,,2,1.23
03/11/2016,,,63.56,,2,1.247
04/11/2016,,,64.36,,2,1.252
05/11/2016,,,64.36,,2,1.252
06/11/2016,,,64.36,,2,1.249
07/11/2016,,,63.6,,2,1.24
08/11/2016,,,63.74,,2,1.239
09/11/2016,,,63.6,,2,1.242
10/11/2016,,,65.56,,2,1.255
11/11/2016,,,65.75,,2,1.26
12/11/2016,,,65.7,,2,1.26
13/11/2016,,,65.7,,2,1.257
14/11/2016,,,66.15,,2,1.252
15/11/2016,,,64.46,,2,1.245
16/11/2016,,,64.48,,2,1.244
17/11/2016,,,64.83,,2,1.241
18/11/2016,,,64.86,,2,1.234
19/11/2016,,,64.73,,2,1.234
20/11/2016,,,64.86,,2,1.232
21/11/2016,,,63.95,,2,1.249
22/11/2016,,,63.71,,2,1.242
23/11/2016,,,64.3,,2,1.243
24/11/2016,,,64.5,,2,1.245
25/11/2016,,,64.89,,2,1.248
26/11/2016,,,64.94,,2,1.248
27/11/2016,,,64.88,,2,1.248
28/11/2016,,,64.78,,2,1.241
29/11/2016,,,65.14,,2,1.249
30/11/2016,,,64.07,,2,1.252
01/12/2016,,,63.9,,2,1.259
02/12/2016,,,63.82,,2,1.273
03/12/2016,,,63.82,,2,1.273
04/12/2016,,,63.82,,2,1.267
05/12/2016,,,63.78,,2,1.272
06/12/2016,,,63.81,,2,1.267
07/12/2016,,,63.27,,2,1.263
08/12/2016,,,63.26,,2,1.258
09/12/2016,,,62.48,,2,1.257
10/12/2016,,,62.46,,2,1.258
11/12/2016,,,62.48,,2,1.26
12/12/2016,,,60.97,,2,1.268
13/12/2016,,,60.53,,2,1.266
14/12/2016,,,61.86,,2,1.253
15/12/2016,,,61.75,,2,1.242
16/12/2016,,,62.12,,2,1.25
17/12/2016,,,62.12,,2,1.249
18/12/2016,,,62.12,,2,1.249
19/12/2016,,,61.9,,2,1.239
20/12/2016,,,61.4,,2,1.236
21/12/2016,,,61.14,,2,1.235
22/12/2016,,,60.97,,2,1.228
23/12/2016,,,61.02,,2,1.228
24/12/2016,,,61.02,,2,1.228
25/12/2016,,,61.02,,2,1.229
26/12/2016,,,60.93,,2,1.228
27/12/2016,,,60.61,,2,1.228
28/12/2016,,,60.48,,2,1.222
29/12/2016,,,60.34,,2,1.229
30/12/2016,,,61.23,,2,1.234
31/12/2016,,1.2562818,61.23,,2,1.234
01/01/2017,,,61.23,,2,1.234
02/01/2017,,,61.23,,2,1.228
03/01/2017,,,60.92,,2,1.224
04/01/2017,,,60.37,,2,1.232
05/01/2017,,,59.4,,2,1.242
06/01/2017,,,59.57,,2,1.229
07/01/2017,,,59.57,,2,1.229
08/01/2017,,,59.57,,2,1.226
09/01/2017,,,60.1,,2,1.217
10/01/2017,,,60.14,,2,1.217
11/01/2017,,,59.78,,2,1.221
12/01/2017,,,59.43,,2,1.216
13/01/2017,,,59.56,,2,1.218
14/01/2017,,,59.56,,2,1.218
15/01/2017,,,59.64,,2,1.204
16/01/2017,,,59.78,,2,1.204
17/01/2017,,,59.33,,2,1.239
18/01/2017,,,59.52,,2,1.226
19/01/2017,,,59.66,,2,1.234
20/01/2017,,,59.59,,2,1.236
21/01/2017,,,59.54,,2,1.236
22/01/2017,,,59.8,,2,1.239
23/01/2017,,,59.51,,2,1.252
24/01/2017,,,59.14,,2,1.253
25/01/2017,,,59.57,,2,1.263
26/01/2017,,,60.28,,2,1.259
27/01/2017,,,59.81,,2,1.255
28/01/2017,,,59.84,,2,1.255
29/01/2017,,,59.78,,2,1.259
30/01/2017,,,59.72,,2,1.25
31/01/2017,,,60.16,,2,1.259
01/02/2017,,,60.09,,2,1.266
02/02/2017,,,59.37,,2,1.252
03/02/2017,,,58.97,,2,1.248
04/02/2017,,,59.03,,2,1.249
05/02/2017,,,58.95,,2,1.248
06/02/2017,,,58.9,,2,1.247
07/02/2017,,,59.44,,2,1.249
08/02/2017,,,59.17,,2,1.253
09/02/2017,,,58.96,,2,1.25
10/02/2017,,,58.2,,2,1.249
11/02/2017,,,58.31,,2,1.249
12/02/2017,,,58.22,,2,1.248
13/02/2017,,,57.93,,2,1.252
14/02/2017,,,57.04,,2,1.247
15/02/2017,,,57.33,,2,1.247
16/02/2017,,,57.57,,2,1.249
17/02/2017,,,58.34,,2,1.241
18/02/2017,,,58.45,,2,1.241
19/02/2017,,,58.32,,2,1.243
20/02/2017,,,57.91,,2,1.247
21/02/2017,,,57.39,,2,1.249
22/02/2017,,,57.92,,2,1.245
23/02/2017,,,57.73,,2,1.255
24/02/2017,,,58.41,,2,1.247
25/02/2017,,,58.45,,2,1.247
26/02/2017,,,58.36,,2,1.24
27/02/2017,,,58.18,,2,1.244
28/02/2017,,,58.35,,2,1.238
01/03/2017,,1.249866467,58.24,,2,1.227
02/03/2017,,,58.72,,2,1.227
03/03/2017,,,58.2,,2,1.229
04/03/2017,,,58.24,,2,1.229
05/03/2017,,,58.19,,2,1.23
06/03/2017,,,58.23,,2,1.224
07/03/2017,,,58.14,,2,1.22
08/03/2017,,,58.87,,2,1.217
09/03/2017,,,59.26,,2,1.216
10/03/2017,,,58.99,,2,1.217
11/03/2017,,,58.99,,2,1.217
12/03/2017,,,59.07,,2,1.217
13/03/2017,,,58.77,,2,1.221
14/03/2017,,,59.19,,2,1.216
15/03/2017,,,58.38,,2,1.228
16/03/2017,,,57.77,,2,1.235
17/03/2017,,,57.18,,2,1.239
18/03/2017,,,57.18,,2,1.24
19/03/2017,,,57.15,,2,1.238
20/03/2017,,,57.3,,2,1.237
21/03/2017,,,57.59,,2,1.248
22/03/2017,,,57.73,,2,1.247
23/03/2017,,,57.36,,2,1.252
24/03/2017,,,56.91,,2,1.247
25/03/2017,,,56.91,,2,1.247
26/03/2017,,,56.97,,2,1.251
27/03/2017,,,56.88,,2,1.256
28/03/2017,,,56.97,,2,1.242
29/03/2017,,,56.65,,2,1.244
30/03/2017,,,55.98,,2,1.248
31/03/2017,,1.2577,56.21,,2,1.254
01/04/2017,,,56.21,,2,1.255
02/04/2017,,,56.24,,2,1.254
03/04/2017,,,56.09,,2,1.249
04/04/2017,,,55.95,,2,1.244
05/04/2017,,,56.41,,2,1.249
06/04/2017,,,56.4,,2,1.247
07/04/2017,,,57.22,,2,1.237
08/04/2017,,,57.27,,2,1.237
09/04/2017,,,57.38,,2,1.237
10/04/2017,,,57.11,,2,1.242
11/04/2017,,,57.03,,2,1.249
12/04/2017,,,56.62,,2,1.255
13/04/2017,,,56.26,,2,1.25
14/04/2017,,,56.3,,2,1.252
15/04/2017,,,56.3,,2,1.252
16/04/2017,,,56.3,,2,1.253
17/04/2017,,,55.88,,2,1.256
18/04/2017,,,56.2,,2,1.284
19/04/2017,,,56.57,,2,1.278
20/04/2017,,,56.11,,2,1.28
21/04/2017,,,56.43,,2,1.281
22/04/2017,,,56.43,,2,1.281
23/04/2017,,,56.43,,2,1.282
24/04/2017,,,55.78,,2,1.278
25/04/2017,,,56.06,,2,1.283
26/04/2017,,,57.1,,2,1.285
27/04/2017,,,56.97,,2,1.289
28/04/2017,,,56.91,,2,1.295
29/04/2017,,,56.98,,2,1.295
30/04/2017,,,56.93,,2,1.293
01/05/2017,,,56.97,,2,1.29
02/05/2017,,,57.06,,2,1.294
03/05/2017,,,57.33,,2,1.287
04/05/2017,,,58.36,,2,1.292
05/05/2017,,,58.03,,2,1.298
06/05/2017,,,58.03,,2,1.298
07/05/2017,,,58.05,,2,1.296
08/05/2017,,,58.21,,2,1.294
09/05/2017,,,58.42,,2,1.295
10/05/2017,,1.309452137,57.44,,2,1.293
11/05/2017,,,57.07,,2,1.289
12/05/2017,,,57.07,,2,1.289
13/05/2017,,,57.07,,2,1.289
14/05/2017,,,57.08,,2,1.288
15/05/2017,,,56.33,,2,1.29
16/05/2017,,,56.43,,2,1.292
17/05/2017,,,57.07,,2,1.297
18/05/2017,,,57.53,,2,1.296
19/05/2017,,,56.89,,2,1.304
20/05/2017,,,56.98,,2,1.303
21/05/2017,,,56.93,,2,1.301
22/05/2017,,,56.6,,2,1.299
23/05/2017,,,56.3,,2,1.296
24/05/2017,,,56.35,,2,1.298
25/05/2017,,,56.8,,2,1.293
26/05/2017,,,56.48,,2,1.281
27/05/2017,,,56.48,,2,1.281
28/05/2017,,,56.48,,2,1.281
29/05/2017,,,56.46,,2,1.281
30/05/2017,,,56.53,,2,1.281
31/05/2017,,,56.71,,2,1.287
01/06/2017,,,56.38,,2,1.289
02/06/2017,,,56.6,,2,1.289
03/06/2017,,,56.6,,2,1.289
04/06/2017,,,56.61,,2,1.287
05/06/2017,,,56.58,,2,1.291
06/06/2017,,,56.49,,2,1.29
07/06/2017,,,57.04,,2,1.296
08/06/2017,,,56.87,,2,1.272
09/06/2017,,,57.01,,2,1.274
10/06/2017,,,57,,2,1.274
11/06/2017,,,57.01,,2,1.274
12/06/2017,,,57,,2,1.267
13/06/2017,,,56.88,,2,1.275
14/06/2017,,,57.43,,2,1.275
15/06/2017,,,57.8,,2,1.276
16/06/2017,,,57.71,,2,1.278
17/06/2017,,,57.71,,2,1.278
18/06/2017,,,57.71,,2,1.278
19/06/2017,,,58.42,,2,1.273
20/06/2017,,,59.56,,2,1.263
21/06/2017,,,60.24,,2,1.267
22/06/2017,,,59.84,,2,1.268
23/06/2017,,,59.42,,2,1.272
24/06/2017,,,59.45,,2,1.272
25/06/2017,,,59.42,,2,1.274
26/06/2017,,,58.89,,2,1.272
27/06/2017,,,59.35,,2,1.281
28/06/2017,,,59.22,,2,1.294
29/06/2017,,,59.42,,2,1.301
30/06/2017,,1.2483,58.87,,2,1.303
01/07/2017,,,58.87,,2,1.303
02/07/2017,,,58.88,,2,1.302
03/07/2017,,,59.24,,2,1.295
04/07/2017,,,59.36,,2,1.294
05/07/2017,,,60.18,,2,1.293
06/07/2017,,,60.1,,2,1.297
07/07/2017,,,60.35,,2,1.288
08/07/2017,,,60.35,,2,1.289
09/07/2017,,,60.35,,2,1.289
10/07/2017,,,60.26,,2,1.288
11/07/2017,,,60.76,,2,1.286
12/07/2017,,,59.9,,2,1.289
13/07/2017,,,59.75,,2,1.295
14/07/2017,,,59.02,,2,1.31
15/07/2017,,,59.02,,2,1.31
16/07/2017,,,59.06,,2,1.311
17/07/2017,,,59.29,,2,1.305
18/07/2017,,,59.08,,2,1.304
19/07/2017,,,58.95,,2,1.303
20/07/2017,,,58.89,,2,1.296
21/07/2017,,,59.23,,2,1.299
22/07/2017,,,59.23,,2,1.3
23/07/2017,,,59.23,,2,1.3
24/07/2017,,,59.97,,2,1.303
25/07/2017,,,59.95,,2,1.303
26/07/2017,,,59.54,,2,1.311
27/07/2017,,,59.37,,2,1.308
28/07/2017,,,59.48,,2,1.313
29/07/2017,,,59.48,,2,1.313
30/07/2017,,,59.48,,2,1.314
31/07/2017,,,59.73,,2,1.319
01/08/2017,,,60.17,,2,1.321
02/08/2017,,,60.49,,2,1.323
03/08/2017,,,60.3,,2,1.314
04/08/2017,,,59.94,,2,1.303
05/08/2017,,,59.94,,2,1.304
06/08/2017,,,59.94,,2,1.305
07/08/2017,,,59.96,,2,1.304
08/08/2017,,,59.79,,2,1.298
09/08/2017,,,60.07,,2,1.301
10/08/2017,,,59.99,,2,1.298
11/08/2017,,,59.79,,2,1.301
12/08/2017,,,59.79,,2,1.301
13/08/2017,,,59.79,,2,1.301
14/08/2017,,,59.81,,2,1.296
15/08/2017,,,59.75,,2,1.287
16/08/2017,,,59.41,,2,1.289
17/08/2017,,,59.04,,2,1.287
18/08/2017,,,59.04,,2,1.287
19/08/2017,,,59.04,,2,1.287
20/08/2017,,,58.9,,2,1.287
21/08/2017,,,59.07,,2,1.29
22/08/2017,,,58.98,,2,1.282
23/08/2017,,,58.97,,2,1.28
24/08/2017,,,59.13,,2,1.28
25/08/2017,,,58.58,,2,1.288
26/08/2017,,,58.58,,2,1.289
27/08/2017,,,58.56,,2,1.29
28/08/2017,,,58.43,,2,1.293
29/08/2017,,,58.76,,2,1.292
30/08/2017,,,58.46,,2,1.292
31/08/2017,,,57.98,,2,1.294
01/09/2017,,,57.47,,2,1.295
02/09/2017,,,57.47,,2,1.295
03/09/2017,,,57.47,,2,1.296
04/09/2017,,,57.74,,2,1.292
05/09/2017,,,57.55,,2,1.304
06/09/2017,,,57.34,,2,1.305
07/09/2017,,,56.91,,2,1.31
08/09/2017,,,57.29,,2,1.32
09/09/2017,,,57.29,,2,1.32
10/09/2017,,,57.32,,2,1.32
11/09/2017,,,57.22,,2,1.317
12/09/2017,,,57.63,,2,1.329
13/09/2017,,,57.91,,2,1.32
14/09/2017,,,57.53,,2,1.34
15/09/2017,,,57.57,,2,1.359
16/09/2017,,,57.57,,2,1.36
17/09/2017,,,57.67,,2,1.357
18/09/2017,,,58.07,,2,1.352
19/09/2017,,,58.08,,2,1.351
20/09/2017,,,58.12,,2,1.349
21/09/2017,,,57.86,,2,1.358
22/09/2017,,,57.5,,2,1.349
23/09/2017,,,57.5,,2,1.35
24/09/2017,,,57.6,,2,1.351
25/09/2017,,,57.55,,2,1.348
26/09/2017,,,57.86,,2,1.344
27/09/2017,,,58.17,,2,1.34
28/09/2017,,,57.89,,2,1.343
29/09/2017,,,57.51,,2,1.34
30/09/2017,,1.3057,57.51,,2,1.34
01/10/2017,,,57.52,,2,1.34
02/10/2017,,,57.88,,2,1.327
03/10/2017,,,57.91,,2,1.324
04/10/2017,,,57.65,,2,1.323
05/10/2017,,,57.71,,2,1.311
06/10/2017,,,58.12,,2,1.306
07/10/2017,,,58.11,,2,1.306
08/10/2017,,,58.18,,2,1.308
09/10/2017,,,58.25,,2,1.314
10/10/2017,,,57.94,,2,1.321
11/10/2017,,,57.8,,2,1.324
12/10/2017,,,57.64,,2,1.326
13/10/2017,,,57.24,,2,1.329
14/10/2017,,,57.14,,2,1.329
15/10/2017,,,57.2,,2,1.329
16/10/2017,,,57.19,,2,1.325
17/10/2017,,,57.28,,2,1.319
18/10/2017,,,57.38,,2,1.321
19/10/2017,,,57.24,,2,1.315
20/10/2017,,,57.45,,2,1.319
21/10/2017,,,57.45,,2,1.32
22/10/2017,,,57.55,,2,1.319
23/10/2017,,,57.49,,2,1.321
24/10/2017,,,57.62,,2,1.313
25/10/2017,,,57.72,,2,1.327
26/10/2017,,,57.84,,2,1.313
27/10/2017,,,57.99,,2,1.313
28/10/2017,,,57.99,,2,1.313
29/10/2017,,,58.1,,2,1.313
30/10/2017,,,57.9,,2,1.321
31/10/2017,,,58.23,,2,1.329
01/11/2017,,,58.21,,2,1.325
02/11/2017,,,58.26,,2,1.305
03/11/2017,,,59.08,,2,1.308
04/11/2017,,,59.02,,2,1.308
05/11/2017,,,58.93,,2,1.308
06/11/2017,,,58.26,,2,1.317
07/11/2017,,,59.34,,2,1.317
08/11/2017,,,59.11,,2,1.311
09/11/2017,,,59.31,,2,1.314
10/11/2017,,,59.13,,2,1.319
11/11/2017,,,59.21,,2,1.319
12/11/2017,,,59.2,,2,1.312
13/11/2017,,,59.37,,2,1.312
14/11/2017,,,60.31,,2,1.316
15/11/2017,,,60.17,,2,1.317
16/11/2017,,,59.66,,2,1.32
17/11/2017,,,58.93,,2,1.321
18/11/2017,,,59.1,,2,1.321
19/11/2017,,,59.1,,2,1.32
20/11/2017,,,59.37,,2,1.324
21/11/2017,,,59.11,,2,1.324
22/11/2017,,,58.38,,2,1.332
23/11/2017,,,58.42,,2,1.33
24/11/2017,,,58.22,,2,1.334
25/11/2017,,,58.36,,2,1.334
26/11/2017,,,58.38,,2,1.332
27/11/2017,,,58.44,,2,1.332
28/11/2017,,,58.38,,2,1.336
29/11/2017,,,58.6,,2,1.342
30/11/2017,,,58.45,,2,1.353
01/12/2017,,,58.85,,2,1.347
02/12/2017,,,58.89,,2,1.347
03/12/2017,,,58.8,,2,1.349
04/12/2017,,,58.77,,2,1.347
05/12/2017,,,58.76,,2,1.341
06/12/2017,,,59.16,,2,1.339
07/12/2017,,,59.2,,2,1.348
08/12/2017,,,59.24,,2,1.339
09/12/2017,,,59.09,,2,1.339
10/12/2017,,,59.08,,2,1.339
11/12/2017,,,58.91,,2,1.335
12/12/2017,,,59.18,,2,1.332
13/12/2017,,,58.55,,2,1.341
14/12/2017,,,58.81,,2,1.343
15/12/2017,,,58.8,,2,1.332
16/12/2017,,,58.8,,2,1.332
17/12/2017,,,58.6,,2,1.332
18/12/2017,,,58.64,,2,1.338
19/12/2017,,,58.74,,2,1.339
20/12/2017,,,58.7,,2,1.337
21/12/2017,,,58.41,,2,1.338
22/12/2017,,,58.28,,2,1.336
23/12/2017,,,58.3,,2,1.336
24/12/2017,,,58.29,,2,1.336
25/12/2017,,,58.04,,2,1.337
26/12/2017,,,57.64,,2,1.337
27/12/2017,,,57.74,,2,1.34
28/12/2017,,,57.57,,2,1.344
29/12/2017,,,57.64,,2,1.351
30/12/2017,,,57.63,,2,1.351
31/12/2017,,1.3159,57.61,,2,1.351
01/01/2018,,,57.58,,2,1.351
02/01/2018,,,57.53,,2,1.359
03/01/2018,,,57.12,,2,1.351
04/01/2018,,,56.97,,2,1.355
05/01/2018,,,56.84,,2,1.357
06/01/2018,,,56.84,,2,1.357
07/01/2018,,,56.99,,2,1.357
08/01/2018,,,57.09,,2,1.357
09/01/2018,,,56.86,,2,1.353
10/01/2018,,,57.02,,2,1.351
11/01/2018,,,56.5,,2,1.354
12/01/2018,,,56.59,,2,1.373
13/01/2018,,,56.61,,2,1.373
14/01/2018,,,56.55,,2,1.373
15/01/2018,,,56.31,,2,1.38
16/01/2018,,,56.45,,2,1.38
17/01/2018,,,56.87,,2,1.383
18/01/2018,,,56.49,,2,1.389
19/01/2018,,,56.71,,2,1.386
20/01/2018,,,56.72,,2,1.386
21/01/2018,,,56.59,,2,1.389
22/01/2018,,,56.46,,2,1.398
23/01/2018,,,56.35,,2,1.401
24/01/2018,,,56.18,,2,1.422
25/01/2018,,,55.88,,2,1.415
26/01/2018,,,56.24,,2,1.417
27/01/2018,,,56.24,,2,1.417
28/01/2018,,,56.21,,2,1.415
29/01/2018,,,56.28,,2,1.407
30/01/2018,,,56.32,,2,1.415
31/01/2018,,,56.18,,2,1.42
01/02/2018,,,55.94,,2,1.427
02/02/2018,,,56.56,,2,1.412
03/02/2018,,,56.52,,2,1.412
04/02/2018,,,56.41,,2,1.411
05/02/2018,,,57.29,,2,1.394
06/02/2018,,,56.85,,2,1.396
07/02/2018,,,57.81,,2,1.388
08/02/2018,,,58.28,,2,1.393
09/02/2018,,,58.33,,2,1.383
10/02/2018,,,58.33,,2,1.383
11/02/2018,,,58.32,,2,1.382
12/02/2018,,,57.75,,2,1.385
13/02/2018,,,57.62,,2,1.388
14/02/2018,,,56.69,,2,1.401
15/02/2018,,,56.39,,2,1.41
16/02/2018,,,56.38,,2,1.403
17/02/2018,,,56.38,,2,1.403
18/02/2018,,,56.44,,2,1.403
19/02/2018,,,56.38,,2,1.399
20/02/2018,,,56.51,,2,1.4
21/02/2018,,,56.71,,2,1.391
22/02/2018,,,56.47,,2,1.395
23/02/2018,,,56.27,,2,1.397
24/02/2018,,,56.27,,2,1.397
25/02/2018,,,56.32,,2,1.397
26/02/2018,,,55.63,,2,1.397
27/02/2018,,,56.22,,2,1.391
28/02/2018,,,56.32,,2,1.375
01/03/2018,,,56.79,,2,1.377
02/03/2018,,1.295064753,56.78,,2,1.381
03/03/2018,,,56.78,,2,1.381
04/03/2018,,,56.95,,2,1.379
05/03/2018,,,56.41,,2,1.385
06/03/2018,,,56.84,,2,1.39
07/03/2018,,,56.79,,2,1.39
08/03/2018,,,57.08,,2,1.38
09/03/2018,,,56.62,,2,1.385
10/03/2018,,,56.62,,2,1.385
11/03/2018,,,56.65,,2,1.385
12/03/2018,,,56.87,,2,1.391
13/03/2018,,,57.04,,2,1.397
14/03/2018,,,56.94,,2,1.397
15/03/2018,,,57.41,,2,1.394
16/03/2018,,,57.49,,2,1.394
17/03/2018,,,57.49,,2,1.394
18/03/2018,,,57.46,,2,1.394
19/03/2018,,,57.73,,2,1.402
20/03/2018,,,57.5,,2,1.4
21/03/2018,,,56.84,,2,1.414
22/03/2018,,,57.31,,2,1.411
23/03/2018,,,57.2,,2,1.414
24/03/2018,,,57.2,,2,1.414
25/03/2018,,,57.12,,2,1.415
26/03/2018,,,57.22,,2,1.424
27/03/2018,,,57.41,,2,1.417
28/03/2018,,,57.72,,2,1.408
29/03/2018,,,57.25,,2,1.403
30/03/2018,,,57.32,,2,1.402
31/03/2018,,1.3369,57.1,,2,1.402
01/04/2018,,,57.11,,2,1.404
02/04/2018,,,57.44,,2,1.405
03/04/2018,,,57.62,,2,1.407
04/04/2018,,,57.67,,2,1.409
05/04/2018,,,57.63,,2,1.401
06/04/2018,,,57.97,,2,1.409
07/04/2018,,,58.12,,2,1.409
08/04/2018,,,58.07,,2,1.409
09/04/2018,,,60.62,,2,1.413
10/04/2018,,,62.92,,2,1.418
11/04/2018,,,62.41,,2,1.419
12/04/2018,,,62.02,,2,1.424
13/04/2018,,,61.99,,2,1.424
14/04/2018,,,61.99,,2,1.424
15/04/2018,,,62.02,,2,1.424
16/04/2018,,,61.22,,2,1.434
17/04/2018,,,61.52,,2,1.43
18/04/2018,,,60.84,,2,1.42
19/04/2018,,,60.95,,2,1.408
20/04/2018,,,61.35,,2,1.4
21/04/2018,,,61.39,,2,1.4
22/04/2018,,,61.36,,2,1.4
23/04/2018,,,61.78,,2,1.394
24/04/2018,,,61.51,,2,1.399
25/04/2018,,,62.4,,2,1.394
26/04/2018,,,62.68,,2,1.392
27/04/2018,,,62.09,,2,1.378
28/04/2018,,,62.09,,2,1.378
29/04/2018,,,62.32,,2,1.377
30/04/2018,,,62.93,,2,1.377
01/05/2018,,,63.4,,2,1.361
02/05/2018,,,63.75,,2,1.357
03/05/2018,,,62.95,,2,1.357
04/05/2018,,,62.94,,2,1.353
05/05/2018,,,62.5,,2,1.353
06/05/2018,,,62.45,,2,1.353
07/05/2018,,,62.88,,2,1.357
08/05/2018,,,63.46,,2,1.355
09/05/2018,,1.360310986,63.03,,2,1.354
10/05/2018,,,61.7,,2,1.352
11/05/2018,,,61.88,,2,1.355
12/05/2018,,,61.87,,2,1.355
13/05/2018,,,61.77,,2,1.355
14/05/2018,,,61.82,,2,1.356
15/05/2018,,,62.24,,2,1.35
16/05/2018,,,61.65,,2,1.355
17/05/2018,,,62.13,,2,1.351
18/05/2018,,,62.29,,2,1.347
19/05/2018,,,62.29,,2,1.347
20/05/2018,,,62.34,,2,1.348
21/05/2018,,,61.53,,2,1.343
22/05/2018,,,61.2,,2,1.344
23/05/2018,,,61.29,,2,1.337
24/05/2018,,,61.53,,2,1.338
25/05/2018,,,62.17,,2,1.331
26/05/2018,,,62.17,,2,1.331
27/05/2018,,,62.14,,2,1.331
28/05/2018,,,62.29,,2,1.331
29/05/2018,,,62.87,,2,1.325
30/05/2018,,,62.1,,2,1.328
31/05/2018,,,62.3,,2,1.329
01/06/2018,,,62.17,,2,1.335
02/06/2018,,,62.23,,2,1.335
03/06/2018,,,62.15,,2,1.335
04/06/2018,,,62.02,,2,1.332
05/06/2018,,,62.07,,2,1.341
06/06/2018,,,61.68,,2,1.342
07/06/2018,,,62.34,,2,1.342
08/06/2018,,,62.3,,2,1.339
09/06/2018,,,62.34,,2,1.341
10/06/2018,,,62.38,,2,1.341
11/06/2018,,,62.76,,2,1.337
12/06/2018,,,63.04,,2,1.337
13/06/2018,,,62.54,,2,1.338
14/06/2018,,,62.56,,2,1.326
15/06/2018,,,63.13,,2,1.328
16/06/2018,,,63.13,,2,1.328
17/06/2018,,,62.98,,2,1.327
18/06/2018,,,63.37,,2,1.326
19/06/2018,,,63.81,,2,1.317
20/06/2018,,,63.56,,2,1.317
21/06/2018,,,63.84,,2,1.325
22/06/2018,,,62.94,,2,1.327
23/06/2018,,,62.94,,2,1.327
24/06/2018,,,62.94,,2,1.326
25/06/2018,,,62.75,,2,1.328
26/06/2018,,,63.08,,2,1.322
27/06/2018,,,63.1,,2,1.312
28/06/2018,,,62.83,,2,1.307
29/06/2018,,,62.75,,2,1.321
30/06/2018,,1.3075,62.75,,2,1.321
01/07/2018,,,62.94,,2,1.321
02/07/2018,,,63.81,,2,1.314
03/07/2018,,,63.12,,2,1.319
04/07/2018,,,63.33,,2,1.323
05/07/2018,,,63.15,,2,1.322
06/07/2018,,,62.91,,2,1.329
07/07/2018,,,62.91,,2,1.328
08/07/2018,,,62.9,,2,1.329
09/07/2018,,,62.38,,2,1.325
10/07/2018,,,61.76,,2,1.326
11/07/2018,,,62.34,,2,1.321
12/07/2018,,,62.22,,2,1.318
13/07/2018,,,62.55,,2,1.323
14/07/2018,,,62.55,,2,1.323
15/07/2018,,,62.49,,2,1.323
16/07/2018,,,62.31,,2,1.324
17/07/2018,,,62.62,,2,1.31
18/07/2018,,,63,,2,1.308
19/07/2018,,,63.58,,2,1.302
20/07/2018,,,63.44,,2,1.313
21/07/2018,,,63.49,,2,1.314
22/07/2018,,,63.37,,2,1.315
23/07/2018,,,62.95,,2,1.31
24/07/2018,,,63.34,,2,1.315
25/07/2018,,,62.79,,2,1.32
26/07/2018,,,62.92,,2,1.311
27/07/2018,,,62.75,,2,1.311
28/07/2018,,,62.75,,2,1.311
29/07/2018,,,62.7,,2,1.311
30/07/2018,,,62.21,,2,1.313
31/07/2018,,,62.22,,2,1.312
01/08/2018,,,62.94,,2,1.313
02/08/2018,,,63.29,,2,1.302
03/08/2018,,,63.31,,2,1.3
04/08/2018,,,63.31,,2,1.3
05/08/2018,,,63.31,,2,1.3
06/08/2018,,,63.69,,2,1.294
07/08/2018,,,63.48,,2,1.295
08/08/2018,,,65.56,,2,1.288
09/08/2018,,,66.56,,2,1.283
10/08/2018,,,67.66,,2,1.277
11/08/2018,,,67.66,,2,1.277
12/08/2018,,,67.82,,2,1.276
13/08/2018,,,67.59,,2,1.276
14/08/2018,,,66.84,,2,1.272
15/08/2018,,,67.29,,2,1.269
16/08/2018,,,66.84,,2,1.271
17/08/2018,,,66.97,,2,1.276
18/08/2018,,,66.97,,2,1.276
19/08/2018,,,67.05,,2,1.275
20/08/2018,,,66.96,,2,1.28
21/08/2018,,,67.27,,2,1.291
22/08/2018,,,68.02,,2,1.29
23/08/2018,,,68.2,,2,1.281
24/08/2018,,,67.06,,2,1.284
25/08/2018,,,67.06,,2,1.285
26/08/2018,,,67.12,,2,1.286
27/08/2018,,,67.44,,2,1.29
28/08/2018,,,67.78,,2,1.287
29/08/2018,,,67.91,,2,1.304
30/08/2018,,,68.2,,2,1.301
31/08/2018,,,67.48,,2,1.296
01/09/2018,,,67.48,,2,1.296
02/09/2018,,,67.56,,2,1.292
03/09/2018,,,67.9,,2,1.287
04/09/2018,,,68.13,,2,1.286
05/09/2018,,,68.15,,2,1.291
06/09/2018,,,69.15,,2,1.292
07/09/2018,,,69.88,,2,1.292
08/09/2018,,,69.88,,2,1.292
09/09/2018,,,69.7,,2,1.293
10/09/2018,,,70.54,,2,1.302
11/09/2018,,,69.38,,2,1.301
12/09/2018,,,68.91,,2,1.304
13/09/2018,,,68.24,,2,1.311
14/09/2018,,,67.97,,2,1.307
15/09/2018,,,68,,2,1.307
16/09/2018,,,68.01,,2,1.307
17/09/2018,,,68.13,,2,1.314
18/09/2018,,,67.34,,2,1.317
19/09/2018,,,66.79,,2,1.314
20/09/2018,,,66.34,,2,1.327
21/09/2018,,,66.47,,2,1.307
22/09/2018,,,66.82,,2,1.307
23/09/2018,,,66.56,,2,1.308
24/09/2018,,,65.87,,2,1.312
25/09/2018,,,65.74,,2,1.318
26/09/2018,,,65.81,,2,1.317
27/09/2018,,,65.54,,2,1.307
28/09/2018,,,65.58,,2,1.303
29/09/2018,,,65.58,,2,1.303
30/09/2018,,1.2792,65.58,,2,1.304
01/10/2018,,,64.94,,2,1.304
02/10/2018,,,65.39,,2,1.298
03/10/2018,,,65.9,,2,1.294
04/10/2018,,,66.82,,2,1.302
05/10/2018,,,66.6,,2,1.312
06/10/2018,,,66.62,,2,1.312
07/10/2018,,,66.57,,2,1.313
08/10/2018,,,66.63,,2,1.309
09/10/2018,,,66.2,,2,1.315
10/10/2018,,,66.9,,2,1.321
11/10/2018,,,66.22,,2,1.323
12/10/2018,,,66.03,,2,1.315
13/10/2018,,,66.03,,2,1.315
14/10/2018,,,65.96,,2,1.31
15/10/2018,,,65.54,,2,1.315
16/10/2018,,,65.29,,2,1.319
17/10/2018,,,65.51,,2,1.31
18/10/2018,,,65.78,,2,1.302
19/10/2018,,,65.46,,2,1.307
20/10/2018,,,65.46,,2,1.307
21/10/2018,,,65.52,,2,1.306
22/10/2018,,,65.17,,2,1.296
23/10/2018,,,65.52,,2,1.298
24/10/2018,,,65.52,,2,1.289
25/10/2018,,,65.5,,2,1.282
26/10/2018,,,65.66,,2,1.283
27/10/2018,,,65.66,,2,1.283
28/10/2018,,,65.78,,2,1.283
29/10/2018,,,65.78,,2,1.28
30/10/2018,,,65.47,,2,1.271
31/10/2018,,,65.72,,2,1.277
01/11/2018,,,65.65,,2,1.3
02/11/2018,,,66.12,,2,1.298
03/11/2018,,,66.12,,2,1.298
04/11/2018,,,66.06,,2,1.3
05/11/2018,,,66.03,,2,1.306
06/11/2018,,,66.01,,2,1.311
07/11/2018,,,66.16,,2,1.313
08/11/2018,,,66.87,,2,1.307
09/11/2018,,,67.89,,2,1.298
10/11/2018,,,67.89,,2,1.298
11/11/2018,,,67.85,,2,1.294
12/11/2018,,,67.82,,2,1.286
13/11/2018,,,67.94,,2,1.301
14/11/2018,,,67.06,,2,1.298
15/11/2018,,,65.87,,2,1.276
16/11/2018,,,65.95,,2,1.284
17/11/2018,,,65.95,,2,1.284
18/11/2018,,,65.99,,2,1.283
19/11/2018,,,65.56,,2,1.286
20/11/2018,,,66.05,,2,1.279
21/11/2018,,,65.67,,2,1.277
22/11/2018,,,65.6,,2,1.288
23/11/2018,,,66.18,,2,1.282
24/11/2018,,,66.23,,2,1.282
25/11/2018,,,66.51,,2,1.281
26/11/2018,,,67.09,,2,1.281
27/11/2018,,,67.02,,2,1.274
28/11/2018,,,67.38,,2,1.282
29/11/2018,,,66.07,,2,1.278
30/11/2018,,,67.02,,2,1.276
01/12/2018,,,67.11,,2,1.275
02/12/2018,,,66.71,,2,1.275
03/12/2018,,,66.55,,2,1.272
04/12/2018,,,66.81,,2,1.272
05/12/2018,,,66.49,,2,1.273
06/12/2018,,,66.81,,2,1.278
07/12/2018,,,66.38,,2,1.273
08/12/2018,,,66.38,,2,1.273
09/12/2018,,,66.33,,2,1.272
10/12/2018,,,66.65,,2,1.256
11/12/2018,,,66.37,,2,1.249
12/12/2018,,,66.38,,2,1.263
13/12/2018,,,66.32,,2,1.265
14/12/2018,,,66.76,,2,1.259
15/12/2018,,,66.76,,2,1.259
16/12/2018,,,66.64,,2,1.258
17/12/2018,,,66.64,,2,1.261
18/12/2018,,,67.4,,2,1.265
19/12/2018,,,67.41,,2,1.263
20/12/2018,,,68.25,,2,1.267
21/12/2018,,,68.88,,2,1.266
22/12/2018,,,68.88,,2,1.266
23/12/2018,,,68.72,,2,1.265
24/12/2018,,,68.61,,2,1.271
25/12/2018,,,68.72,,2,1.269
26/12/2018,,,68.65,,2,1.265
27/12/2018,,,69.56,,2,1.264
28/12/2018,,,69.47,,2,1.271
29/12/2018,,,69.47,,2,1.271
30/12/2018,,,69.52,,2,1.269
31/12/2018,,1.253,69.17,,2,1.274
01/01/2019,,,68.89,,2,1.275
02/01/2019,,,69.03,,2,1.252
03/01/2019,,,68.86,,2,1.263
04/01/2019,,,67.15,,2,1.273
05/01/2019,,,67.15,,2,1.273
06/01/2019,,,67.57,,2,1.273
07/01/2019,,,66.75,,2,1.278
08/01/2019,,,66.89,,2,1.274
09/01/2019,,,66.65,,2,1.28
10/01/2019,,,66.87,,2,1.275
11/01/2019,,,66.86,,2,1.285
12/01/2019,,,66.86,,2,1.285
13/01/2019,,,66.85,,2,1.285
14/01/2019,,,66.99,,2,1.287
15/01/2019,,,67.01,,2,1.287
16/01/2019,,,66.32,,2,1.288
17/01/2019,,,66.35,,2,1.298
18/01/2019,,,66.14,,2,1.288
19/01/2019,,,66.14,,2,1.288
20/01/2019,,,66.21,,2,1.285
21/01/2019,,,66.36,,2,1.289
22/01/2019,,,66.48,,2,1.296
23/01/2019,,,66.04,,2,1.308
24/01/2019,,,65.73,,2,1.312
25/01/2019,,,65.95,,2,1.32
26/01/2019,,,66.01,,2,1.32
27/01/2019,,,65.75,,2,1.321
28/01/2019,,,66.21,,2,1.316
29/01/2019,,,65.96,,2,1.308
30/01/2019,,,65.41,,2,1.312
31/01/2019,,,65.36,,2,1.311
01/02/2019,,,65.43,,2,1.309
02/02/2019,,,65.43,,2,1.309
03/02/2019,,,65.45,,2,1.308
04/02/2019,,,65.54,,2,1.303
05/02/2019,,,65.61,,2,1.296
06/02/2019,,,65.78,,2,1.293
07/02/2019,,,65.89,,2,1.295
08/02/2019,,,65.42,,2,1.294
09/02/2019,,,65.49,,2,1.295
10/02/2019,,,65.4,,2,1.294
11/02/2019,,,65.77,,2,1.286
12/02/2019,,,65.83,,2,1.289
13/02/2019,,,65.92,,2,1.285
14/02/2019,,,66.62,,2,1.28
15/02/2019,,,66.25,,2,1.29
16/02/2019,,,66.25,,2,1.29
17/02/2019,,,66.21,,2,1.29
18/02/2019,,,66.2,,2,1.292
19/02/2019,,,65.77,,2,1.306
20/02/2019,,,65.63,,2,1.304
21/02/2019,,,65.65,,2,1.304
22/02/2019,,,65.34,,2,1.305
23/02/2019,,,65.37,,2,1.305
24/02/2019,,,65.41,,2,1.306
25/02/2019,,,65.57,,2,1.313
26/02/2019,,,65.65,,2,1.326
27/02/2019,,,65.61,,2,1.332
28/02/2019,,,65.83,,2,1.326
01/03/2019,,,65.89,,2,1.321
02/03/2019,,1.325953651,65.89,,2,1.321
03/03/2019,,1.325953651,65.85,,2,1.324
04/03/2019,,,65.7,,2,1.318
05/03/2019,,,65.82,,2,1.316
06/03/2019,,,65.96,,2,1.318
07/03/2019,,,66.29,,2,1.309
08/03/2019,,,66.35,,2,1.302
09/03/2019,,,66.34,,2,1.302
10/03/2019,,,66.39,,2,1.299
11/03/2019,,,65.87,,2,1.325
12/03/2019,,,65.62,,2,1.308
13/03/2019,,,65.36,,2,1.33
14/03/2019,,,65.48,,2,1.326
15/03/2019,,,64.82,,2,1.329
16/03/2019,,,64.82,,2,1.332
17/03/2019,,,64.83,,2,1.33
18/03/2019,,,64.37,,2,1.325
19/03/2019,,,64.37,,2,1.327
20/03/2019,,,63.84,,2,1.321
21/03/2019,,,63.83,,2,1.313
22/03/2019,,,64.6,,2,1.321
23/03/2019,,,64.6,,2,1.322
24/03/2019,,,64.54,,2,1.321
25/03/2019,,,64.01,,2,1.32
26/03/2019,,,64.35,,2,1.321
27/03/2019,,,64.85,,2,1.315
28/03/2019,,,64.94,,2,1.305
29/03/2019,,,65.58,,2,1.304
30/03/2019,,,65.58,,2,1.304
31/03/2019,,1.296,65.64,,2,1.302
01/04/2019,,,65.23,,2,1.307
02/04/2019,,,65.35,,2,1.313
03/04/2019,,,65.22,,2,1.318
04/04/2019,,,65.43,,2,1.308
05/04/2019,,,65.34,,2,1.304
06/04/2019,,,65.23,,2,1.304
07/04/2019,,,65.4,,2,1.304
08/04/2019,,,64.91,,2,1.306
09/04/2019,,,64.9,,2,1.306
10/04/2019,,,64.29,,2,1.31
11/04/2019,,,64.6,,2,1.306
12/04/2019,,,64.32,,2,1.308
13/04/2019,,,64.32,,2,1.308
14/04/2019,,,64.38,,2,1.308
15/04/2019,,,64.34,,2,1.31
16/04/2019,,,64.05,,2,1.304
17/04/2019,,,63.89,,2,1.304
18/04/2019,,,63.93,,2,1.299
19/04/2019,,,64.01,,2,1.3
20/04/2019,,,64.01,,2,1.3
21/04/2019,,,64.02,,2,1.299
22/04/2019,,,63.82,,2,1.298
23/04/2019,,,63.71,,2,1.294
24/04/2019,,,64.42,,2,1.29
25/04/2019,,,64.64,,2,1.29
26/04/2019,,,64.8,,2,1.292
27/04/2019,,,64.8,,2,1.292
28/04/2019,,,64.67,,2,1.292
29/04/2019,,,64.47,,2,1.293
30/04/2019,,,64.59,,2,1.304
01/05/2019,,,64.76,,2,1.305
02/05/2019,,,65.4,,2,1.303
03/05/2019,,,65.1,,2,1.317
04/05/2019,,,65.1,,2,1.317
05/05/2019,,,65.36,,2,1.315
06/05/2019,,,65.31,,2,1.31
07/05/2019,,,65.4,,2,1.307
08/05/2019,,1.33918178,65.06,,2,1.301
09/05/2019,,,65.24,,2,1.301
10/05/2019,,,65.12,,2,1.3
11/05/2019,,,65.12,,2,1.3
12/05/2019,,,65.18,,2,1.301
13/05/2019,,,65.32,,2,1.296
14/05/2019,,,64.89,,2,1.291
15/05/2019,,,64.68,,2,1.285
16/05/2019,,,64.66,,2,1.28
17/05/2019,,,64.76,,2,1.272
18/05/2019,,,64.76,,2,1.272
19/05/2019,,,64.72,,2,1.273
20/05/2019,,,64.5,,2,1.273
21/05/2019,,,64.36,,2,1.271
22/05/2019,,,64.38,,2,1.266
23/05/2019,,,64.86,,2,1.266
24/05/2019,,,64.45,,2,1.271
25/05/2019,,,64.45,,2,1.271
26/05/2019,,,64.47,,2,1.273
27/05/2019,,,64.38,,2,1.268
28/05/2019,,,64.67,,2,1.266
29/05/2019,,,64.96,,2,1.263
30/05/2019,,,65.25,,2,1.261
31/05/2019,,1.29129089,65.48,,2,1.264
01/06/2019,,,65.48,,2,1.264
02/06/2019,,,65.59,,2,1.264
03/06/2019,,,65.34,,2,1.266
04/06/2019,,,65.16,,2,1.27
05/06/2019,,,65.31,,2,1.269
06/06/2019,,,65.07,,2,1.27
07/06/2019,,,64.79,,2,1.274
08/06/2019,,,64.79,,2,1.274
09/06/2019,,,64.87,,2,1.272
10/06/2019,,,64.74,,2,1.269
11/06/2019,,,64.59,,2,1.272
12/06/2019,,,64.81,,2,1.269
13/06/2019,,,64.55,,2,1.268
14/06/2019,,,64.38,,2,1.259
15/06/2019,,,64.38,,2,1.259
16/06/2019,,,64.36,,2,1.259
17/06/2019,,,64.33,,2,1.254
18/06/2019,,,63.99,,2,1.257
19/06/2019,,,63.77,,2,1.265
20/06/2019,,,62.9,,2,1.271
21/06/2019,,,63.39,,2,1.274
22/06/2019,,,63.03,,2,1.274
23/06/2019,,,63.09,,2,1.275
24/06/2019,,,62.57,,2,1.274
25/06/2019,,,62.84,,2,1.269
26/06/2019,,,63.04,,2,1.269
27/06/2019,,,63.09,,2,1.267
28/06/2019,,,63.28,,2,1.27
29/06/2019,,,63.28,,2,1.27
30/06/2019,,1.2434,63,,2,1.269
01/07/2019,,,62.94,,2,1.264
02/07/2019,,,63.31,,2,1.26
03/07/2019,,,63.32,,2,1.258
04/07/2019,,,63.47,,2,1.258
05/07/2019,,,63.79,,2,1.252
06/07/2019,,,63.79,,2,1.252
07/07/2019,,,63.75,,2,1.252
08/07/2019,,,63.69,,2,1.252
09/07/2019,,,63.85,,2,1.246
10/07/2019,,,63.15,,2,1.251
11/07/2019,,,62.83,,2,1.252
12/07/2019,,,63.05,,2,1.257
13/07/2019,,,63.05,,2,1.257
14/07/2019,,,63.16,,2,1.257
15/07/2019,,,62.68,,2,1.252
16/07/2019,,,63,,2,1.241
17/07/2019,,,62.94,,2,1.243
18/07/2019,,,62.89,,2,1.254
19/07/2019,,,63.03,,2,1.25
20/07/2019,,,63.03,,2,1.25
21/07/2019,,,63.01,,2,1.251
22/07/2019,,,63.04,,2,1.247
23/07/2019,,,63.2,,2,1.244
24/07/2019,,,63.28,,2,1.248
25/07/2019,,,63.19,,2,1.245
26/07/2019,,,63.35,,2,1.238
27/07/2019,,,63.35,,2,1.238
28/07/2019,,,63.21,,2,1.238
29/07/2019,,,63.45,,2,1.222
30/07/2019,,,63.53,,2,1.216
31/07/2019,,,63.6,,2,1.215
01/08/2019,,,64.34,,2,1.212
02/08/2019,,,65.27,,2,1.216
03/08/2019,,,65.27,,2,1.216
04/08/2019,,,65.26,,2,1.215
05/08/2019,,,65.76,,2,1.216
06/08/2019,,,65.27,,2,1.217
07/08/2019,,,65.38,,2,1.214
08/08/2019,,,65.11,,2,1.214
09/08/2019,,,65.26,,2,1.204
10/08/2019,,,65.26,,2,1.204
11/08/2019,,,65.31,,2,1.202
12/08/2019,,,65.45,,2,1.208
13/08/2019,,,64.92,,2,1.206
14/08/2019,,,66.08,,2,1.206
15/08/2019,,,66.09,,2,1.209
16/08/2019,,,66.6,,2,1.215
17/08/2019,,,66.62,,2,1.215
18/08/2019,,,66.39,,2,1.216
19/08/2019,,,66.9,,2,1.214
20/08/2019,,,66.45,,2,1.216
21/08/2019,,,65.8,,2,1.213
22/08/2019,,,65.57,,2,1.225
23/08/2019,,,66.03,,2,1.228
24/08/2019,,,66.03,,2,1.228
25/08/2019,,,66.29,,2,1.226
26/08/2019,,,66.13,,2,1.222
27/08/2019,,,66.45,,2,1.228
28/08/2019,,,66.78,,2,1.222
29/08/2019,,,66.53,,2,1.219
30/08/2019,,,66.71,,2,1.216
31/08/2019,,,66.71,,2,1.216
01/09/2019,,,66.77,,2,1.216
02/09/2019,,,66.79,,2,1.206
03/09/2019,,,66.78,,2,1.209
04/09/2019,,,66.22,,2,1.225
05/09/2019,,,66.21,,2,1.232
06/09/2019,,,65.79,,2,1.228
07/09/2019,,,65.79,,2,1.228
08/09/2019,,,65.79,,2,1.228
09/09/2019,,,65.55,,2,1.234
10/09/2019,,,65.44,,2,1.235
11/09/2019,,,65.46,,2,1.233
12/09/2019,,,64.76,,2,1.233
13/09/2019,,,64.35,,2,1.251
14/09/2019,,,64.35,,2,1.251
15/09/2019,,,63.93,,2,1.25
16/09/2019,,,64,,2,1.243
17/09/2019,,,64.32,,2,1.25
18/09/2019,,,64.23,,2,1.247
19/09/2019,,,64.01,,2,1.253
20/09/2019,,,64.01,,2,1.247
21/09/2019,,,64.01,,2,1.247
22/09/2019,,,63.99,,2,1.247
23/09/2019,,,63.8,,2,1.243
24/09/2019,,,64.04,,2,1.249
25/09/2019,,,64.19,,2,1.236
26/09/2019,,,64.25,,2,1.233
27/09/2019,,,64.66,,2,1.229
28/09/2019,,,64.66,,2,1.229
29/09/2019,,,64.66,,2,1.229
30/09/2019,,1.2262,64.86,,2,1.229
01/10/2019,,,65.27,,2,1.229
02/10/2019,,,65.25,,2,1.23
03/10/2019,,,65.11,,2,1.234
04/10/2019,,,64.66,,2,1.233
05/10/2019,,,64.66,,2,1.233
06/10/2019,,,64.7,,2,1.233
07/10/2019,,,64.98,,2,1.229
08/10/2019,,,65.19,,2,1.222
09/10/2019,,,65.05,,2,1.221
10/10/2019,,,64.43,,2,1.243
11/10/2019,,,64.2,,2,1.265
12/10/2019,,,64.2,,2,1.265
13/10/2019,,,64.28,,2,1.262
14/10/2019,,,64.29,,2,1.261
15/10/2019,,,64.31,,2,1.276
16/10/2019,,,64.12,,2,1.282
17/10/2019,,,64.1,,2,1.287
18/10/2019,,,63.8,,2,1.297
19/10/2019,,,63.8,,2,1.299
20/10/2019,,,63.93,,2,1.29
21/10/2019,,,63.76,,2,1.297
22/10/2019,,,63.69,,2,1.288
23/10/2019,,,63.94,,2,1.292
24/10/2019,,,64.07,,2,1.284
25/10/2019,,,63.95,,2,1.282
26/10/2019,,,63.95,,2,1.283
27/10/2019,,,63.86,,2,1.283
28/10/2019,,,63.72,,2,1.286
29/10/2019,,,63.98,,2,1.286
30/10/2019,,,63.79,,2,1.29
31/10/2019,,,64.13,,2,1.294
01/11/2019,,,63.87,,2,1.294
02/11/2019,,,63.54,,2,1.294
03/11/2019,,,63.44,,2,1.294
04/11/2019,,,63.48,,2,1.289
05/11/2019,,,63.48,,2,1.288
06/11/2019,,,63.85,,2,1.286
07/11/2019,,,63.55,,2,1.282
08/11/2019,,,63.78,,2,1.278
09/11/2019,,,63.78,,2,1.278
10/11/2019,,,63.82,,2,1.279
11/11/2019,,,63.87,,2,1.285
12/11/2019,,,64.27,,2,1.285
13/11/2019,,,64.32,,2,1.285
14/11/2019,,,63.93,,2,1.288
15/11/2019,,,63.75,,2,1.29
16/11/2019,,,63.75,,2,1.29
17/11/2019,,,63.72,,2,1.292
18/11/2019,,,63.88,,2,1.295
19/11/2019,,,63.87,,2,1.293
20/11/2019,,,63.82,,2,1.293
21/11/2019,,,63.71,,2,1.292
22/11/2019,,,63.85,,2,1.283
23/11/2019,,,63.85,,2,1.283
24/11/2019,,,63.83,,2,1.285
25/11/2019,,,63.93,,2,1.29
26/11/2019,,,63.98,,2,1.286
27/11/2019,,,63.99,,2,1.293
28/11/2019,,,64.09,,2,1.291
29/11/2019,,,64.31,,2,1.293
30/11/2019,,,64.31,,2,1.293
01/12/2019,,,64.31,,2,1.291
02/12/2019,,,64.21,,2,1.294
03/12/2019,,,64.13,,2,1.3
04/12/2019,,,63.89,,2,1.311
05/12/2019,,,63.71,,2,1.316
06/12/2019,,,63.67,,2,1.314
07/12/2019,,,63.67,,2,1.314
08/12/2019,,,63.65,,2,1.314
09/12/2019,,,63.55,,2,1.315
10/12/2019,,,63.52,,2,1.313
11/12/2019,,,63.34,,2,1.32
12/12/2019,,,62.71,,2,1.347
13/12/2019,,,62.84,,2,1.334
14/12/2019,,,62.84,,2,1.334
15/12/2019,,,62.88,,2,1.335
16/12/2019,,,62.48,,2,1.327
17/12/2019,,,62.44,,2,1.312
18/12/2019,,,62.65,,2,1.309
19/12/2019,,,62.36,,2,1.302
20/12/2019,,,62.24,,2,1.3
21/12/2019,,,62.24,,2,1.3
22/12/2019,,,62.24,,2,1.3
23/12/2019,,,62.33,,2,1.294
24/12/2019,,,61.96,,2,1.293
25/12/2019,,,61.85,,2,1.297
26/12/2019,,,62.21,,2,1.3
27/12/2019,,,62.07,,2,1.308
28/12/2019,,,62.07,,2,1.308
29/12/2019,,,62.07,,2,1.309
30/12/2019,,,62.01,,2,1.311
31/12/2019,,1.283,62.06,,2,1.326
01/01/2020,,,61.87,,2,1.325
02/01/2020,,,61.73,,2,1.315
03/01/2020,,,62.05,,2,1.312
04/01/2020,,,62.05,,2,1.312
05/01/2020,,,62.08,,2,1.308
06/01/2020,,,61.81,,2,1.317
07/01/2020,,,61.97,,2,1.311
08/01/2020,,,61.3,,2,1.31
09/01/2020,,,61.3,,2,1.307
10/01/2020,,,61.04,,2,1.306
11/01/2020,,,61.04,,2,1.307
12/01/2020,,,61.02,,2,1.304
13/01/2020,,,61.23,,2,1.299
14/01/2020,,,61.44,,2,1.302
15/01/2020,,,61.38,,2,1.304
16/01/2020,,,61.61,,2,1.308
17/01/2020,,,61.6,,2,1.302
18/01/2020,,,61.6,,2,1.302
19/01/2020,,,61.58,,2,1.301
20/01/2020,,,61.6,,2,1.3
21/01/2020,,,61.9,,2,1.305
22/01/2020,,,61.91,,2,1.314
23/01/2020,,,61.93,,2,1.312
24/01/2020,,,62.07,,2,1.307
25/01/2020,,,62.07,,2,1.307
26/01/2020,,,62.14,,2,1.306
27/01/2020,,,62.93,,2,1.306
28/01/2020,,,62.25,,2,1.302
29/01/2020,,,62.55,,2,1.302
30/01/2020,,,63.23,,2,1.309
31/01/2020,,,63.98,,2,1.321
01/02/2020,,,63.98,,2,1.321
02/02/2020,,,63.91,,2,1.318
03/02/2020,,,63.69,,2,1.3
04/02/2020,,,62.96,,2,1.303
05/02/2020,,,62.87,,2,1.299
06/02/2020,,,63.31,,2,1.293
07/02/2020,,,64.14,,2,1.289
08/02/2020,,,64.14,,2,1.289
09/02/2020,,,64.14,,2,1.289
10/02/2020,,,64.11,,2,1.292
11/02/2020,,,63.35,,2,1.296
12/02/2020,,,63.23,,2,1.296
13/02/2020,,,63.67,,2,1.305
14/02/2020,,,63.53,,2,1.305
15/02/2020,,,63.53,,2,1.305
16/02/2020,,,63.53,,2,1.305
17/02/2020,,,63.5,,2,1.301
18/02/2020,,,63.9,,2,1.3
19/02/2020,,,63.56,,2,1.293
20/02/2020,,,64.16,,2,1.288
21/02/2020,,,64.07,,2,1.296
22/02/2020,,,64.07,,2,1.296
23/02/2020,,,64.07,,2,1.295
24/02/2020,,,65.36,,2,1.293
25/02/2020,,,65.31,,2,1.3
26/02/2020,,,65.49,,2,1.291
27/02/2020,,,66.3,,2,1.289
28/02/2020,,,66.91,,2,1.282
29/02/2020,,,66.91,,2,1.282
01/03/2020,,,67.15,,2,1.281
02/03/2020,,,66.29,,2,1.277
03/03/2020,,1.230234964,66.22,,2,1.282
04/03/2020,,,66.23,,2,1.287
05/03/2020,,,67.57,,2,1.295
06/03/2020,,,68.54,,2,1.305
07/03/2020,,,68.56,,2,1.305
08/03/2020,,,72.18,,2,1.31
09/03/2020,,,74.68,,2,1.307
10/03/2020,,,71.09,,2,1.291
11/03/2020,,,73.15,,2,1.282
12/03/2020,,,74.93,,2,1.257
13/03/2020,,,72.62,,2,1.227
14/03/2020,,,72.62,,2,1.227
15/03/2020,,,73.26,,2,1.24
16/03/2020,,,74.89,,2,1.227
17/03/2020,,,75.33,,2,1.212
18/03/2020,,,80.96,,2,1.164
19/03/2020,,,79,,2,1.149
20/03/2020,,,79.98,,2,1.165
21/03/2020,,,79.98,,2,1.165
22/03/2020,,,79.87,,2,1.162
23/03/2020,,,79.45,,2,1.159
24/03/2020,,,78.3,,2,1.179
25/03/2020,,,78.36,,2,1.185
26/03/2020,,,77.48,,2,1.22
27/03/2020,,,78.77,,2,1.246
28/03/2020,,,78.77,,2,1.246
29/03/2020,,,78.68,,2,1.245
30/03/2020,,,79.62,,2,1.237
31/03/2020,,1.193,78.45,,2,1.241
01/04/2020,,,78.92,,2,1.238
02/04/2020,,,77.97,,2,1.239
03/04/2020,,,77.19,,2,1.227
04/04/2020,,,77.19,,2,1.227
05/04/2020,,,77.19,,2,1.222
06/04/2020,,,76.39,,2,1.224
07/04/2020,,,75.46,,2,1.234
08/04/2020,,,75.49,,2,1.239
09/04/2020,,,73.46,,2,1.245
10/04/2020,,,73.84,,2,1.245
11/04/2020,,,73.84,,2,1.245
12/04/2020,,,73.84,,2,1.246
13/04/2020,,,73.57,,2,1.252
14/04/2020,,,73.09,,2,1.263
15/04/2020,,,75.19,,2,1.252
16/04/2020,,,74.24,,2,1.249
17/04/2020,,,74.19,,2,1.25
18/04/2020,,,74.19,,2,1.25
19/04/2020,,,74.19,,2,1.249
20/04/2020,,,74.64,,2,1.244
21/04/2020,,,77.25,,2,1.23
22/04/2020,,,76.1,,2,1.232
23/04/2020,,,74.28,,2,1.235
24/04/2020,,,74.61,,2,1.237
25/04/2020,,,74.61,,2,1.237
26/04/2020,,,74.61,,2,1.237
27/04/2020,,,74.67,,2,1.242
28/04/2020,,,74.27,,2,1.243
29/04/2020,,,73.26,,2,1.247
30/04/2020,,,73.69,,2,1.258
01/05/2020,,,75.57,,2,1.25
02/05/2020,,,75.57,,2,1.25
03/05/2020,,,75.57,,2,1.245
04/05/2020,,,75.33,,2,1.245
05/05/2020,,,73.79,,2,1.244
06/05/2020,,,74.51,,2,1.232
07/05/2020,,1.215712546,73.86,,2,1.238
08/05/2020,,,73.19,,2,1.241
09/05/2020,,,73.19,,2,1.241
10/05/2020,,,73.19,,2,1.242
11/05/2020,,,73.65,,2,1.233
12/05/2020,,,73.07,,2,1.225
13/05/2020,,,73.82,,2,1.224
14/05/2020,,,73.99,,2,1.223
15/05/2020,,,73.76,,2,1.21
16/05/2020,,,73.76,,2,1.21
17/05/2020,,,73.76,,2,1.209
18/05/2020,,,72.69,,2,1.22
19/05/2020,,,72.58,,2,1.226
20/05/2020,,,71.18,,2,1.2275
21/05/2020,,,70.98,,2,1.222
22/05/2020,,,71.74,,2,1.217
23/05/2020,,,71.74,,2,1.217
24/05/2020,,,71.74,,2,1.219
25/05/2020,,,71.64,,2,1.22
26/05/2020,,,70.83,,2,1.2345
27/05/2020,,,71.2,,2,1.226
28/05/2020,,,70.53,,2,1.232
29/05/2020,,,70.68,,2,1.235
30/05/2020,,,70.68,,2,1.235
31/05/2020,,1.194556273,70.75,,2,1.235
01/06/2020,,,69.57,,2,1.249
02/06/2020,,,68.96,,2,1.258
03/06/2020,,,68.49,,2,1.257
04/06/2020,,,69.41,,2,1.261
05/06/2020,,,68.42,,2,1.267
06/06/2020,,,68.42,,2,1.267
07/06/2020,,,68.42,,2,1.272
08/06/2020,,,68.7,,2,1.274
09/06/2020,,,68.54,,2,1.271
10/06/2020,,,68.78,,2,1.271
11/06/2020,,,69.68,,2,1.257
12/06/2020,,,69.72,,2,1.254
13/06/2020,,,69.72,,2,1.254
14/06/2020,,,69.72,,2,1.251
15/06/2020,,,70.09,,2,1.264
16/06/2020,,,69.61,,2,1.258
17/06/2020,,,69.74,,2,1.255
18/06/2020,,,69.62,,2,1.243
19/06/2020,,,69.43,,2,1.235
20/06/2020,,,69.43,,2,1.235
21/06/2020,,,69.43,,2,1.235
22/06/2020,,,69.28,,2,1.25
23/06/2020,,,68.65,,2,1.252
24/06/2020,,,69.34,,2,1.241
25/06/2020,,,69.16,,2,1.242
26/06/2020,,,69.77,,2,1.234
27/06/2020,,,69.77,,2,1.234
28/06/2020,,,69.77,,2,1.234
29/06/2020,,,70.23,,2,1.231
30/06/2020,,1.1734,71.28,,2,1.239
01/07/2020,,,70.79,,2,1.246
02/07/2020,,,70.49,,2,1.247
03/07/2020,,,71.53,,2,1.248
04/07/2020,,,71.53,,2,1.248
05/07/2020,,,71.53,,2,1.247
06/07/2020,,,71.58,,2,1.25
07/07/2020,,,71.27,,2,1.254
08/07/2020,,,71.27,,2,1.261
09/07/2020,,,71.02,,2,1.26
10/07/2020,,,70.78,,2,1.263
11/07/2020,,,70.78,,2,1.262
12/07/2020,,,70.78,,2,1.263
13/07/2020,,,70.58,,2,1.255
14/07/2020,,,71.16,,2,1.257
15/07/2020,,,70.95,,2,1.259
16/07/2020,,,71.22,,2,1.256
17/07/2020,,,71.86,,2,1.257
18/07/2020,,,71.86,,2,1.257
19/07/2020,,,71.86,,2,1.257
20/07/2020,,,71.43,,2,1.266
21/07/2020,,,70.63,,2,1.273
22/07/2020,,,71.19,,2,1.273
23/07/2020,,,71.35,,2,1.273
24/07/2020,,,71.72,,2,1.279
25/07/2020,,,71.72,,2,1.279
26/07/2020,,,71.72,,2,1.28
27/07/2020,,,71.78,,2,1.289
28/07/2020,,,72.6,,2,1.292
29/07/2020,,,72.46,,2,1.298
30/07/2020,,,73.68,,2,1.312
31/07/2020,,,73.36,,2,1.309
01/08/2020,,,74.27,,2,1.309
02/08/2020,,,74.27,,2,1.31
03/08/2020,,,73.36,,2,1.308
04/08/2020,,,73.67,,2,1.309
05/08/2020,,,72.66,,2,1.313
06/08/2020,,,73.44,,2,1.314
07/08/2020,,,73.66,,2,1.305
08/08/2020,,,73.66,,2,1.305
09/08/2020,,,73.66,,2,1.305
10/08/2020,,,73.56,,2,1.308
11/08/2020,,,72.99,,2,1.305
12/08/2020,,,73.54,,2,1.305
13/08/2020,,,73.11,,2,1.307
14/08/2020,,,72.89,,2,1.309
15/08/2020,,,72.89,,2,1.309
16/08/2020,,,72.89,,2,1.311
17/08/2020,,,73.46,,2,1.311
18/08/2020,,,73.25,,2,1.325
19/08/2020,,,73.14,,2,1.311
20/08/2020,,,74.12,,2,1.322
21/08/2020,,,74.77,,2,1.309
22/08/2020,,,74.77,,2,1.309
23/08/2020,,,74.77,,2,1.309
24/08/2020,,,74.48,,2,1.307
25/08/2020,,,75.26,,2,1.315
26/08/2020,,,75.47,,2,1.322
27/08/2020,,,75.18,,2,1.32
28/08/2020,,,74.23,,2,1.335
29/08/2020,,,74.23,,2,1.335
30/08/2020,,,74.23,,2,1.336
31/08/2020,,,74.64,,2,1.336
01/09/2020,,,73.5,,2,1.34
02/09/2020,,,75.61,,2,1.335
03/09/2020,,,75.45,,2,1.326
04/09/2020,,,75.56,,2,1.328
05/09/2020,,,75.56,,2,1.328
06/09/2020,,,75.56,,2,1.325
07/09/2020,,,75.82,,2,1.316
08/09/2020,,,76.44,,2,1.297
09/09/2020,,,75.37,,2,1.3
10/09/2020,,,75.08,,2,1.281
11/09/2020,,,74.97,,2,1.28
12/09/2020,,,74.97,,2,1.28
13/09/2020,,,74.97,,2,1.28
14/09/2020,,,75.13,,2,1.285
15/09/2020,,,75.01,,2,1.288
16/09/2020,,,74.8,,2,1.296
17/09/2020,,,75.25,,2,1.297
18/09/2020,,,75.59,,2,1.292
19/09/2020,,,75.59,,2,1.292
20/09/2020,,,75.59,,2,1.293
21/09/2020,,,76.47,,2,1.282
22/09/2020,,,76.14,,2,1.274
23/09/2020,,,76.77,,2,1.272
24/09/2020,,,77.24,,2,1.276
25/09/2020,,,78.27,,2,1.274
26/09/2020,,,78.27,,2,1.274
27/09/2020,,,78.27,,2,1.277
28/09/2020,,,79.05,,2,1.287
29/09/2020,,,79.15,,2,1.2859
30/09/2020,,1.1895,79.68,,2,1.292
01/10/2020,,,77.49,,2,1.289
02/10/2020,,,78.26,,2,1.294
03/10/2020,,,78.26,,2,1.294
04/10/2020,,,78.26,,2,1.293
05/10/2020,,,78.41,,2,1.299
06/10/2020,,,78.07,,2,1.288
07/10/2020,,,78.27,,2,1.292
08/10/2020,,,77.55,,2,1.294
09/10/2020,,,76.78,,2,1.305
10/10/2020,,,76.78,,2,1.305
11/10/2020,,,76.78,,2,1.303
12/10/2020,,,77.09,,2,1.306
13/10/2020,,,77.08,,2,1.293
14/10/2020,,,77.54,,2,1.301
15/10/2020,,,78.28,,2,1.29
16/10/2020,,,77.88,,2,1.292
17/10/2020,,,77.88,,2,1.292
18/10/2020,,,77.88,,2,1.293
19/10/2020,,,77.54,,2,1.295
20/10/2020,,,77.42,,2,1.294
21/10/2020,,,76.8,,2,1.313
22/10/2020,,,76.47,,2,1.308
23/10/2020,,,76.24,,2,1.304
24/10/2020,,,76.24,,2,1.304
25/10/2020,,,76.24,,2,1.305
26/10/2020,,,76.23,,2,1.302
27/10/2020,,,76.98,,2,1.303
28/10/2020,,,78.74,,2,1.299
29/10/2020,,,79.02,,2,1.293
30/10/2020,,,79.31,,2,1.295
31/10/2020,,,79.31,,2,1.295
01/11/2020,,,79.49,,2,1.293
02/11/2020,,,80.58,,2,1.292
03/11/2020,,,79.11,,2,1.311
04/11/2020,,,77.6,,2,1.297
05/11/2020,,,76.91,,2,1.314
06/11/2020,,,77.43,,2,1.315
07/11/2020,,,77.43,,2,1.315
08/11/2020,,,77.34,,2,1.318
09/11/2020,,,76.29,,2,1.317
10/11/2020,,,76.5,,2,1.326
11/11/2020,,,77.08,,2,1.322
12/11/2020,,,77.26,,2,1.312
13/11/2020,,,77.3,,2,1.318
14/11/2020,,,77.3,,2,1.318
15/11/2020,,,77.34,,2,1.322
16/11/2020,,,76.31,,2,1.322
17/11/2020,,,76.25,,2,1.326
18/11/2020,,,75.92,,2,1.326
19/11/2020,,,76.2,,2,1.325
20/11/2020,,,76.21,,2,1.327
21/11/2020,,,76.21,,2,1.327
22/11/2020,,,76.21,,2,1.33
23/11/2020,,,76,,2,1.333
24/11/2020,,,75.45,,2,1.336
25/11/2020,,,75.48,,2,1.338
26/11/2020,,,75.69,,2,1.335
27/11/2020,,1.221698113,76.08,,2,1.331
28/11/2020,,,76.08,,2,1.331
29/11/2020,,,76.01,3.752,2,1.333
30/11/2020,,,76.44,3.686,2,1.334
01/12/2020,,,76,3.695,2,1.342
02/12/2020,,,75.26,3.679,2,1.337
03/12/2020,,,74.52,3.687,2,1.345
04/12/2020,,,74.12,3.687,2,1.344
05/12/2020,,,74.12,3.688,2,1.344
06/12/2020,,,73.87,3.694,2,1.342
07/12/2020,,,73.78,3.675,2,1.336
08/12/2020,,,73.38,3.667,2,1.337
09/12/2020,,,73.65,3.646,2,1.337
10/12/2020,,,73.11,3.672,2,1.33
11/12/2020,,,73.15,3.672,2,1.323
12/12/2020,,,73.15,3.664,2,1.323
13/12/2020,,,73.05,3.652,2,1.332
14/12/2020,,,74.14,3.653,2,1.333
15/12/2020,,,73.31,3.639,2,1.344
16/12/2020,,,73.38,3.619,2,1.35
17/12/2020,,,73.13,3.649,2,1.357
18/12/2020,,,73.37,3.649,2,1.352
19/12/2020,,,73.43,3.667,2,1.352
20/12/2020,,,73.49,3.673,2,1.34
21/12/2020,,,74.59,3.697,2,1.345
22/12/2020,,,75.91,3.694,2,1.34
23/12/2020,,,75.06,3.695,2,1.35
24/12/2020,,,74.07,3.698,2,1.356
25/12/2020,,,74.18,3.698,2,1.335
26/12/2020,,,74.06,3.69,2,1.335
27/12/2020,,,73.97,3.679,2,1.357
28/12/2020,,,73.97,3.706,2,1.347
29/12/2020,,,74.06,3.725,2,1.35
30/12/2020,,,74.54,3.732596768,2,1.363
31/12/2020,,1.2285,73.95,3.7538,2,1.367
01/01/2021,,1.2285,73.95,3.7538,2,1.3676
02/01/2021,,1.2285,73.95,3.7248,2,1.3676
03/01/2021,,1.2084,74.19,3.7205,2,1.3684
04/01/2021,,1.1959,74.51,3.6867,2,1.357
05/01/2021,,1.197,74.17,3.6697,2,1.3629
06/01/2021,,1.1964,74.13,3.6826,2,1.3625
07/01/2021,,1.2011,74.63,3.6907,2,1.3569
08/01/2021,,1.2012,74.08,3.6918,2,1.3568
09/01/2021,,1.2012,74.08,3.702,2,1.357
10/01/2021,,1.1996,74.42,3.7219,2,1.3515
11/01/2021,,1.2031,74.66,3.7039,2,1.3523
12/01/2021,,1.2113,73.48,3.7342,2,1.3669
13/01/2021,,1.2108,73.88,3.7372,2,1.3648
14/01/2021,,1.2154,73.36,3.7553,2,1.3684
15/01/2021,,1.211,73.54,3.759,2,1.3587
16/01/2021,,1.211,73.52,3.7602,2,1.3583
17/01/2021,,1.2113,73.6,3.7538,2,1.3575
18/01/2021,,1.2099,73.96,3.7357,2,1.358
19/01/2021,,1.2117,73.81,3.7441,2,1.3644
20/01/2021,,1.2154,73.49,3.7261,2,1.3669
21/01/2021,,1.2155,73.98,3.7298,2,1.3728
22/01/2021,,1.2112,75.25,3.7298,2,1.3683
23/01/2021,,1.2112,75.26,3.73,2,1.3683
24/01/2021,,1.212,75.33,3.7391,2,1.3688
25/01/2021,,1.2145,75.32,3.7432,2,1.3678
26/01/2021,,1.2183,75.41,,2,1.3731
27/01/2021,,1.2155,75.91,3.7581,2,1.3669
28/01/2021,,1.2198,76.2,3.7469,2,1.3724
29/01/2021,,1.2211,75.96,3.7261,2,1.3705
30/01/2021,,1.2212,75.96,3.726,2,1.3704
31/01/2021,,1.221,75.91,3.726060064,2,1.3698
01/02/2021,,1.2262,76.13,3.7372,2,1.3677
02/02/2021,,1.2265,76.26,3.7227,2,1.366
03/02/2021,,1.2263,75.92,3.7265,2,1.3648
04/02/2021,,1.2364,75.53,3.761,2,1.3674
05/02/2021,,1.2346,74.65,3.721,2,1.3736
06/02/2021,,1.2346,74.65,3.721,2,1.3736
07/02/2021,,1.2352,74.62,3.7245,2,1.3738
08/02/2021,,1.2353,74.36,3.715,2,1.3745
09/02/2021,,1.2331,73.91,3.6932,2,1.3817
10/02/2021,,1.2314,73.9,3.7072,2,1.3832
11/02/2021,,1.2294,73.67,3.7115,2,1.3811
12/02/2021,,1.2356,73.65,3.7105,2,1.3853
13/02/2021,,1.2345,73.65,3.7107,2,1.3849
14/02/2021,,1.237,73.61,3.7108,2,1.387
15/02/2021,,1.2382,73.37,3.6979,2,1.3913
16/02/2021,,1.2407,73.58,3.719,2,1.3887
17/02/2021,,1.2459,73.75,3.7291,2,1.3865
18/02/2021,,1.2515,73.87,3.7131,2,1.3968
19/02/2021,,1.256,74.03,3.7014,2,1.401
20/02/2021,,1.256,74.04,3.7011,2,1.4014
21/02/2021,,1.258,74.16,3.6988,2,1.4029
22/02/2021,,1.2604,74.26,3.696,2,1.4071
23/02/2021,,1.2779,74.11,3.7098,2,1.4119
24/02/2021,,1.2827,73.53,3.7038,2,1.4148
25/02/2021,,1.2686,74.74,3.7148,2,1.4007
26/02/2021,,1.2666,74.58,3.7424,2,1.3927
27/02/2021,,1.2666,74.58,3.7424,2,1.3927
28/02/2021,,1.2679,74.69,3.7395,2,1.3972
01/03/2021,,1.2745,74.29,3.7619,2,1.3929
02/03/2021,,1.28507099,73.82,3.7547,2,1.3954
03/03/2021,,1.2812,74.05,3.7723,2,1.3926
04/03/2021,,1.2812,74.59,3.8126,2,1.3891
05/03/2021,,1.2898,74.35,3.8518,2,1.3836
06/03/2021,,1.2898,74.35,3.8518,2,1.3836
07/03/2021,,1.2887,74.34,3.8471,2,1.3853
08/03/2021,,1.294,74.51,3.8795,2,1.3823
09/03/2021,,1.2892,74.06,3.8416,2,1.3889
10/03/2021,,1.2954,73.56,3.838,2,1.3931
11/03/2021,,1.2935,73.34,3.8248,2,1.3989
12/03/2021,,1.2955,73.26,3.8337,2,1.3922
13/03/2021,,1.2955,73.26,3.8337,2,1.3922
14/03/2021,,1.2947,73.33,3.8332,2,1.3929
15/03/2021,,1.2894,72.77,3.8496,2,1.3898
16/03/2021,,1.286,72.9,3.8614,2,1.3901
17/03/2021,,1.2889,73.69,3.8368,2,1.3976
18/03/2021,,1.2913,74.36,3.8775,2,1.3926
19/03/2021,,1.2896,74.25,3.8766,2,1.387
20/03/2021,,1.2896,74.25,3.8766,2,1.387
21/03/2021,,1.2864,74.17,3.89,2,1.3832
22/03/2021,,1.2806,74.81,3.8477,2,1.3865
23/03/2021,,1.2832,76.37,3.9014,2,1.373
24/03/2021,,1.2813,76.65,3.9169,2,1.3688
25/03/2021,,1.2918,76.15,3.9351,2,1.3749
26/03/2021,,1.2955,76.01,3.9359,2,1.3791
27/03/2021,,1.2955,76.01,3.9359,2,1.3791
28/03/2021,,1.2958,75.7,3.932,2,1.379
29/03/2021,,1.2936,75.69,3.9649,2,1.3775
30/03/2021,,1.2944,75.93,3.9726,2,1.3742
31/03/2021,,1.3012,75.72,3.94835551,2,1.3785
01/04/2021,,1.3034,76.3,3.8954,2,1.3833
02/04/2021,,1.3037,76.44,3.9074,2,1.3831
03/04/2021,,1.3037,76.44,3.9074,2,1.3831
04/04/2021,,1.303,76.45,3.9132,2,1.3828
05/04/2021,,1.3024,76.47,3.8858,2,1.3914
06/04/2021,,1.2876,77.13,3.8665,2,1.3831
07/04/2021,,1.2774,77.19,3.8521,2,1.3744
08/04/2021,,1.2693,76.83,3.8141,2,1.3734
09/04/2021,,1.2666,77.43,3.8073,2,1.3706
10/04/2021,,1.2666,77.41,3.8185,2,1.3707
11/04/2021,,1.2689,77.42,3.8089,2,1.3713
12/04/2021,,1.2685,77.33,3.8053,2,1.3753
13/04/2021,,1.2663,75.97,3.82,2,1.376
14/04/2021,,1.2714,76.05,3.8006,2,1.378
15/04/2021,,1.2936,76.11,3.8027,2,1.3784
16/04/2021,,1.2729,75.61,3.7915,2,1.3837
17/04/2021,,1.2729,75.61,3.7908,2,1.3834
18/04/2021,,1.2722,75.99,3.7942,2,1.3822
19/04/2021,,1.2801,76.43,3.7792,2,1.399
20/04/2021,,1.2769,76.86,3.7832,2,1.3937
21/04/2021,,1.2772,76.6,3.7856,2,1.3933
22/04/2021,,1.2692,75.53,3.7996,2,1.3838
23/04/2021,,1.2687,74.87,3.7661,2,1.3879
24/04/2021,,1.2687,74.87,3.7663,2,1.3879
25/04/2021,,1.2674,75.01,3.7652,2,1.3868
26/04/2021,,1.2709,75.02,3.7736,2,1.3897
27/04/2021,,1.271,74.81,3.7802,2,1.3905
28/04/2021,,1.2683,74.4,3.7718,2,1.3954
29/04/2021,,1.2682,74.75,3.7668,2,1.3949
30/04/2021,,1.2614,75.29,3.7928,2,1.3816
01/05/2021,,1.2614,75.29,3.791,2,1.3817
02/05/2021,,1.2616,75.23,3.791,2,1.3821
03/05/2021,,1.2674,74.94,3.7671,2,1.3903
04/05/2021,,1.2689,74.78,3.7916,2,1.3889
05/05/2021,,1.2701,74.83,3.8105,2,1.391
06/05/2021,,1.2611,74.22,3.7887,2,1.3895
07/05/2021,,1.2584,73.75,3.7426,2,1.3985
08/05/2021,,1.2584,73.75,3.7426,2,1.3982
09/05/2021,,1.2641,73.66,3.7409,2,1.4041
10/05/2021,,1.2723,74.31,3.7581,2,1.4129
11/05/2021,,1.278,74.2,3.7383,2,1.4138
12/05/2021,,1.2782,74.7,3.7707,2,1.4063
13/05/2021,,1.2727,74.03,3.7477,2,1.4049
14/05/2021,,1.2721,74.01,3.7278,2,1.41
15/05/2021,,1.2712,74.01,3.7288,2,1.4096
16/05/2021,,1.2711,73.99,3.7278,2,1.4102
17/05/2021,,1.2778,73.8,3.7246,2,1.4146
18/05/2021,,1.2735,73.7,3.7001,2,1.4188
19/05/2021,,1.2755,73.77,3.7184,2,1.4105
20/05/2021,,1.2735,73.47,3.6771,2,1.4185
21/05/2021,,1.2704,73.64,3.692,2,1.4153
22/05/2021,,1.2704,73.62,3.692,2,1.4153
23/05/2021,,1.2692,73.65,3.689,2,1.414
24/05/2021,,1.2699,73.47,3.6698,2,1.4157
25/05/2021,,1.2666,73.51,3.6601,2,1.4143
26/05/2021,,1.2674,73.57,3.6909,2,1.4116
27/05/2021,,1.2741,73.48,3.6835,2,1.4204
28/05/2021,,1.2771,73.2,3.6778,2,1.4192
29/05/2021,,1.2771,73.2,3.6778,2,1.4192
30/05/2021,,1.2764,73.21,3.6777,2,1.4181
31/05/2021,,1.2782,73.43,3.6614,2,1.4226
01/06/2021,,1.2699,73.55,3.6512,2,1.4156
02/06/2021,,1.2729,73.18,3.65,2,1.4174
03/06/2021,,1.2748,73.25,3.6782,2,1.4109
04/06/2021,,1.2733,72.86,3.666,2,1.4158
05/06/2021,,1.2733,72.86,3.666,2,1.4158
06/06/2021,,1.2737,72.93,3.6626,2,1.4164
07/06/2021,,1.2726,72.93,3.6645,2,1.4176
08/06/2021,,1.2691,72.28,3.6661,2,1.4151
09/06/2021,,1.2642,72.34,3.6741,2,1.4111
10/06/2021,,1.2678,71.78,3.6711,2,1.4169
11/06/2021,,1.2667,71.95,3.7182,2,1.4103
12/06/2021,,1.2667,71.95,3.7177,2,1.4103
13/06/2021,,1.2676,72.1,3.715,2,1.4117
14/06/2021,,1.269,72.05,3.7257,2,1.411
15/06/2021,,1.2653,72.24,3.7339,2,1.4082
16/06/2021,,1.2711,72.6,3.7736,2,1.3987
17/06/2021,,1.279,72.38,3.8254,2,1.3939
18/06/2021,,1.272,72.8,3.8375,2,1.3807
19/06/2021,,1.272,72.8,3.8375,2,1.3807
20/06/2021,,1.2749,72.83,3.8351,2,1.3821
21/06/2021,,1.2792,73.12,3.8012,2,1.3925
22/06/2021,,1.2815,72.91,3.7822,2,1.3949
23/06/2021,,1.2825,72.67,3.797,2,1.3966
24/06/2021,,1.2778,72.31,3.789,2,1.3918
25/06/2021,,1.2729,72.21,3.7828,2,1.3882
26/06/2021,,1.2729,72.21,3.7828,2,1.3882
27/06/2021,,1.2737,72.24,3.7797,2,1.3894
28/06/2021,,1.2763,72.23,3.7745,2,1.3877
29/06/2021,,1.2749,72.76,3.7978,2,1.384
30/06/2021,,1.2796,73.07,3.8148,2,1.3832
01/07/2021,,1.2742,73.49,3.8122,2,1.3761
02/07/2021,,1.2739,73.2,3.8011,2,1.3831
03/07/2021,,1.2739,73.2,3.8012,2,1.3833
04/07/2021,,1.2749,73.25,3.8062,2,1.3831
05/07/2021,,1.2777,73.45,3.7938,2,1.3855
06/07/2021,,1.2765,74.55,3.8187,2,1.3804
07/07/2021,,1.2773,74.74,3.845,2,1.38
08/07/2021,,1.2617,74.75,3.8331,2,1.3794
09/07/2021,,1.2708,74.42,3.8289,2,1.3916
10/07/2021,,1.2708,74.42,3.8285,2,1.3913
11/07/2021,,1.2706,74.29,3.8291,2,1.3901
12/07/2021,,1.2708,74.4,3.8378,2,1.3887
13/07/2021,,1.2687,74.38,3.8894,2,1.3806
14/07/2021,,1.2675,74.16,3.8584,2,1.3858
15/07/2021,,1.2694,74.4,3.8775,2,1.3829
16/07/2021,,1.2658,74.08,3.8832,2,1.3771
17/07/2021,,1.2658,74.08,3.8822,2,1.3771
18/07/2021,,1.2641,74.1,3.8816,2,1.3762
19/07/2021,,1.2559,74.7,3.8984,2,1.367
20/07/2021,,1.256,74.38,3.8985,2,1.3634
21/07/2021,,1.2585,73.98,3.8817,2,1.3713
22/07/2021,,1.2659,73.69,3.8772,2,1.3775
23/07/2021,,1.2669,73.81,3.8872,2,1.3732
24/07/2021,,1.2669,73.87,3.8861,2,1.3741
25/07/2021,,1.2652,73.71,3.8879,2,1.3757
26/07/2021,,1.2659,73.72,3.8911,2,1.3827
27/07/2021,,1.2694,73.74,3.8893,2,1.3881
28/07/2021,,1.2652,73.47,3.8803,2,1.3906
29/07/2021,,1.2648,73.19,3.8436,2,1.3964
30/07/2021,,1.2591,73.15,3.8488,2,1.3904
31/07/2021,,1.2591,73.15,3.8488,2,1.3904
01/08/2021,,1.259,73.12,3.8496,2,1.3896
02/08/2021,,1.2565,73.03,3.8398,2,1.3878
03/08/2021,,1.2573,72.93,3.8343,2,1.3914
04/08/2021,,1.2593,73.07,3.8366,2,1.3885
05/08/2021,,1.2638,73.05,3.8378,2,1.3928
06/08/2021,,1.2684,73.5,3.888,2,1.3871
07/08/2021,,1.2727,74.03,3.7477,2,1.4049
08/08/2021,,1.2721,74.01,3.7278,2,1.41
09/08/2021,,1.2743,73.6,3.8867,2,1.3844
10/08/2021,,1.2772,73.87,3.9017,2,1.3843
11/08/2021,,1.2787,73.39,3.8982,2,1.3872
12/08/2021,,1.2745,73.53,3.8984,2,1.3804
13/08/2021,,1.269,73.15,3.8688,2,1.3863
14/08/2021,,1.2735,73.47,3.6771,2,1.4185
15/08/2021,,1.2704,73.64,3.692,2,1.4153
16/08/2021,,1.2631,73.14,3.8699,2,1.385
17/08/2021,,1.2562,73.47,3.8952,2,1.3739
18/08/2021,,1.2611,73.46,3.8877,2,1.3755
19/08/2021,,1.2525,74.28,3.9213,2,1.363
20/08/2021,,1.2494,74.24,3.9161,2,1.3621
21/08/2021,,1.2494,74.28,3.9157,2,1.3624
22/08/2021,,1.2497,74.2,3.9111,2,1.3623
23/08/2021,,1.252,74.08,3.9011,2,1.3722
24/08/2021,,1.2533,73.76,3.8887,2,1.3724
25/08/2021,,1.2576,73.77,3.8826,2,1.3762
26/08/2021,,1.2577,74.27,3.8886,2,1.37
27/08/2021,,1.2543,73.22,3.8789,2,1.3753
28/08/2021,,1.2543,73.25,3.8789,2,1.3753
29/08/2021,,1.2544,73.4,3.8743,2,1.3761
30/08/2021,,1.2619,73.42,3.8626,2,1.3757
31/08/2021,,1.259,73.27,3.8283,2,1.3752
01/09/2021,,1.261,72.98,3.8059,2,1.377
02/09/2021,,1.2654,73.01,3.7972,2,1.3836
03/09/2021,,1.2667,72.79,3.7931,2,1.3858
04/09/2021,,1.2667,72.83,3.7931,2,1.3858
05/09/2021,,1.2665,72.77,3.792,2,1.3858
06/09/2021,,1.2663,72.97,3.8081,2,1.3838
07/09/2021,,1.2672,73.36,3.8091,2,1.3778
08/09/2021,,1.2691,73.25,3.8189,2,1.3766
09/09/2021,,1.2685,72.86,3.8408,2,1.3839
10/09/2021,,1.27,73.15,3.8462,2,1.3844
11/09/2021,,1.27,73.19,3.8462,2,1.3844
12/09/2021,,1.2708,73.1,3.8453,2,1.3838
13/09/2021,,1.2762,72.64,3.8483,2,1.3837
14/09/2021,,1.2706,72.88,3.8539,2,1.3808
15/09/2021,,1.2737,72.24,3.8591,2,1.3848
16/09/2021,,1.2797,72.47,3.8859,2,1.3797
17/09/2021,,1.28,72.84,3.9152,2,1.3739
18/09/2021,,1.28,72.88,3.9152,2,1.3739
19/09/2021,,1.2797,72.81,3.911,2,1.3728
20/09/2021,,1.2676,73.36,3.9261,2,1.3661
21/09/2021,,1.2614,73,3.9388,2,1.3656
22/09/2021,,1.2617,72.95,3.9535,2,1.3618
23/09/2021,,1.269,72.71,3.9278,2,1.3721
24/09/2021,,1.264,72.7,3.9295,2,1.3674
25/09/2021,,1.264,72.51,3.9295,2,1.3674
26/09/2021,,1.2638,72.72,3.9306,2,1.3669
27/09/2021,,1.2684,72.62,3.9323,2,1.3703
28/09/2021,,1.2583,72.86,3.967,2,1.3541
29/09/2021,,1.2549,72.88,3.9934,2,1.343
30/09/2021,,1.256,72.75,3.9803,2,1.3469
30/09/2021,,1.256,72.72,3.9779,2,1.3467
01/10/2021,,1.2607,72.64,3.9465,2,1.3543
02/10/2021,,1.2607,72.67,3.9465,2,1.3543
03/10/2021,,1.2615,72.75,3.9423,2,1.3569
04/10/2021,,1.2586,72.48,3.9508,2,1.3606
05/10/2021,,1.2653,72.29,3.9691,2,1.3625
06/10/2021,,1.2611,72.39,3.9335,2,1.359
07/10/2021,,1.2645,71.78,3.9664,2,1.3619
08/10/2021,,1.2634,71.78,3.9747,2,1.3614
09/10/2021,,1.2634,71.81,3.9751,2,1.3611
10/10/2021,,1.2632,71.75,3.9791,2,1.3615
11/10/2021,,1.2608,71.84,3.9661,2,1.359
12/10/2021,,1.2636,71.85,3.973,2,1.3578
13/10/2021,,1.2631,71.97,3.9429,2,1.3667
14/10/2021,,1.2635,71.4,3.946,2,1.3669
15/10/2021,,1.2683,70.99,3.939,2,1.3704
16/10/2021,,1.2683,70.99,3.939,2,1.3704
17/10/2021,,1.2706,71.03,3.9337,2,1.3761
18/10/2021,,1.2686,71.22,3.9491,2,1.3736
19/10/2021,,1.2733,70.87,3.9414,2,1.3795
20/10/2021,,1.2701,70.83,3.9318,2,1.3823
21/10/2021,,1.2663,71.16,3.9624,2,1.3792
22/10/2021,,1.2591,70.36,3.9537,2,1.3797
23/10/2021,,1.2591,70.3,3.9536,2,1.379
24/10/2021,,1.2616,70.39,3.9495,2,1.3762
25/10/2021,,1.2663,69.82,3.9748,2,1.3764
26/10/2021,,1.2661,69.49,3.9742,2,1.3767
27/10/2021,,1.2608,70.64,3.9844,2,1.3732
28/10/2021,,1.2579,70.18,3.9576,2,1.38
29/10/2021,,1.2535,70.94,3.9872,2,1.3694
30/10/2021,,1.2535,70.94,3.9872,2,1.3694
31/10/2021,,1.2535,70.84,3.9877,2,1.3683
01/11/2021,,1.242,71.62,3.9811,2,1.3656
02/11/2021,,1.2455,71.65,3.9789,2,1.3616
03/11/2021,,1.2482,71.74,3.9461,2,1.3697
04/11/2021,,1.2328,71.44,3.9827,2,1.3507
05/11/2021,,1.2313,71.15,3.9753,2,1.3503
06/11/2021,,1.2313,71.15,3.9753,2,1.3503
07/11/2021,,1.2303,71.3,3.9761,2,1.349
08/11/2021,,1.2389,71.26,3.9645,2,1.356
09/11/2021,,1.2354,70.74,3.9611,2,1.3559
10/11/2021,,1.2313,71.28,4.0126,2,1.3412
11/11/2021,,1.2314,71.6,4.0494,2,1.3365
12/11/2021,,1.2375,72.9,4.0544,2,1.3415
13/11/2021,,1.2375,72.9,4.0532,2,1.3415
14/11/2021,,1.2356,72.88,4.056,2,1.3414
15/11/2021,,1.2409,72.52,4.0893,2,1.3407
16/11/2021,,1.2491,73.13,4.1117,2,1.3425
17/11/2021,,1.2526,72.61,4.1182,2,1.3489
18/11/2021,,1.2498,73.11,4.1073,2,1.3499
19/11/2021,,1.2488,73.52,4.1641,2,1.3447
20/11/2021,,1.2488,73.52,4.1641,2,1.3447
21/11/2021,,1.2485,73.56,4.1607,2,1.3434
22/11/2021,,1.2496,75,4.1885,2,1.3398
23/11/2021,,1.2486,74.31,4.1838,2,1.3375
24/11/2021,,1.2451,74.97,4.1784,2,1.333
25/11/2021,,1.2452,74.56,4.1753,2,1.3313
26/11/2021,,1.2313,75.56,4.1631,2,1.334
27/11/2021,,1.2313,75.56,4.1631,2,1.334
28/11/2021,,1.2333,75.56,4.1689,2,1.3339
29/11/2021,,1.229,74.47,4.1454,2,1.3315
30/11/2021,,1.2226,74.12,4.1104,2,1.3297
01/12/2021,,1.2223,74.28,4.0857,2,1.3278
02/12/2021,,1.2234,73.65,4.068,2,1.3301
03/12/2021,,1.2152,73.97,4.0648,2,1.3235
04/12/2021,,1.2152,73.97,4.0639,2,1.3235
05/12/2021,,1.2158,73.89,4.07,2,1.3235
06/12/2021,,1.2276,74.38,4.0717,2,1.3262
07/12/2021,,1.2247,74.03,4.0654,2,1.3247
08/12/2021,,1.2155,73.56,4.0638,2,1.3209
09/12/2021,,1.2216,73.65,4.0791,2,1.3223
10/12/2021,,1.2208,73.45,4.0814,2,1.3272
11/12/2021,,1.2208,73.45,4.0812,2,1.327
12/12/2021,,1.2212,73.43,4.0836,2,1.3256
13/12/2021,,1.2188,73.52,4.1106,2,1.3213
14/12/2021,,1.2227,73.83,4.1133,2,1.323
15/12/2021,,1.2263,73.63,4.0937,2,1.3263
16/12/2021,,1.2245,73.8,4.0867,2,1.3323
17/12/2021,,1.2214,74.17,4.1205,2,1.3238
18/12/2021,,1.2214,74.17,4.1212,2,1.324
19/12/2021,,1.2215,74.09,4.1204,2,1.3228
20/12/2021,,1.2176,74.1,4.1054,2,1.321
21/12/2021,,1.225,73.9,4.0964,2,1.3269
22/12/2021,,1.2277,73.64,4.0903,2,1.3353
23/12/2021,,1.2318,73.36,4.0893,2,1.3407
24/12/2021,,1.2311,73.66,4.0807,2,1.3389
25/12/2021,,1.2311,73.66,4.0807,2,1.3389
26/12/2021,,1.2316,73.63,4.0824,2,1.3404
27/12/2021,,1.2331,73.39,4.0644,2,1.3441
28/12/2021,,1.232,73.7,4.0653,2,1.3434
29/12/2021,,1.2335,73.99,4.049,2,1.3496
30/12/2021,,1.2336,74.59,4.0581,2,1.3498
31/12/2021,,1.2341,74.79,4.0353,2,1.3523
01/01/2022,,1.2341,74.79,4.0353,2,1.3523
02/01/2022,,1.2333,75.02,4.0364,2,1.3522
03/01/2022,,1.2383,74.41,4.0499,2,1.3481
04/01/2022,,1.2397,75.3,4.0451,2,1.353
05/01/2022,,1.2437,76.7,4.0429,2,1.3556
06/01/2022,,1.2469,76.39,4.0322,2,1.3534
07/01/2022,,1.2484,75.45,4.0009,2,1.3591
08/01/2022,,1.2484,75.45,4.0006,2,1.359
09/01/2022,,1.2489,75.47,4.0036,2,1.359
10/01/2022,,1.2592,74.86,4.0084,2,1.358
11/01/2022,,1.2592,74.49,3.9926,2,1.3633
12/01/2022,,1.253,74.6,3.9548,2,1.3706
13/01/2022,,1.2495,76.34,3.9629,2,1.3712
14/01/2022,,1.249,76.23,3.976,2,1.368
15/01/2022,,1.249,76.24,3.976,2,1.368
16/01/2022,,1.2505,76.34,3.9773,2,1.3673
17/01/2022,,1.2474,76.1,3.9666,2,1.3648
18/01/2022,,1.2473,76.84,4.0027,2,1.3601
19/01/2022,,1.246,76.35,3.988,2,1.3608
20/01/2022,,1.2468,76.13,4.0014,2,1.3597
21/01/2022,,1.2375,76.53,3.998,2,1.3568
